timestamp,open,high,low,close,volume
2024-03-06 00:00:00,63747.5,64186.0,62829.3,63323.6,54565.237
2024-03-06 04:00:00,63323.6,66846.6,63313.3,66759.4,108137.773
2024-03-06 08:00:00,66759.3,67729.5,66117.4,67383.9,94868.205
2024-03-06 12:00:00,67383.9,67689.8,64615.5,66541.3,173035.007
2024-03-06 16:00:00,66541.3,67570.0,66275.0,66803.5,63884.768
2024-03-06 20:00:00,66803.5,67425.2,65750.6,66128.1,39520.823
2024-03-07 00:00:00,66128.0,66539.0,65609.3,65914.9,35529.364
2024-03-07 04:00:00,65915.0,66536.1,65702.8,66447.8,35034.81
2024-03-07 08:00:00,66447.8,67350.0,66404.2,66974.9,48238.41
2024-03-07 12:00:00,66975.0,67994.0,66588.0,67317.1,84112.593
2024-03-07 16:00:00,67317.2,68101.3,67068.5,67559.3,56791.611
2024-03-07 20:00:00,67559.4,67974.8,66852.1,66870.0,36386.0
2024-03-08 00:00:00,66870.0,67339.6,66800.0,67219.9,23836.852
2024-03-08 04:00:00,67220.0,67719.3,66818.1,67308.5,27850.418
2024-03-08 08:00:00,67308.5,67838.0,67093.0,67822.0,27365.479
2024-03-08 12:00:00,67821.5,70330.8,67219.4,67685.8,168389.285
2024-03-08 16:00:00,67685.8,68922.0,66120.0,68922.0,152017.882
2024-03-08 20:00:00,68921.9,69447.0,67820.0,68180.2,59927.291
2024-03-09 00:00:00,68180.2,68343.9,67908.7,68297.1,17481.31
2024-03-09 04:00:00,68297.2,68608.7,68179.3,68336.3,15255.702
2024-03-09 08:00:00,68336.3,68530.5,67996.0,68360.3,22150.292
2024-03-09 12:00:00,68360.3,68580.0,68125.4,68341.6,18353.712
2024-03-09 16:00:00,68341.5,68391.8,68050.0,68255.0,12015.249
2024-03-09 20:00:00,68255.0,68497.8,68254.9,68360.1,9642.74
2024-03-10 00:00:00,68360.2,69344.0,68262.5,69208.1,44236.817
2024-03-10 04:00:00,69208.0,69780.0,69099.1,69430.0,30333.559
2024-03-10 08:00:00,69429.9,69999.8,69227.3,69639.5,47002.381
2024-03-10 12:00:00,69639.6,69937.7,68672.9,69254.7,50095.129
2024-03-10 16:00:00,69254.6,69845.9,69168.9,69465.0,23895.198
2024-03-10 20:00:00,69465.1,69522.7,68155.0,69001.8,38033.439
2024-03-11 00:00:00,69001.8,69016.3,67000.0,68657.4,69458.296
2024-03-11 04:00:00,68657.4,71537.7,68502.4,71223.8,114734.582
2024-03-11 08:00:00,71223.9,72346.3,71211.5,71558.6,97544.481
2024-03-11 12:00:00,71558.6,72772.5,71405.2,72061.4,98754.823
2024-03-11 16:00:00,72061.3,72890.0,71800.0,72041.3,63972.169
2024-03-11 20:00:00,72041.3,72850.0,71884.7,72153.8,29932.546
2024-03-12 00:00:00,72153.9,72571.0,71300.0,71673.4,37698.804
2024-03-12 04:00:00,71673.3,72425.0,71342.0,72175.5,45975.945
2024-03-12 08:00:00,72175.6,72461.4,71438.5,72098.7,39679.087
2024-03-12 12:00:00,72098.7,73370.0,70777.7,71779.2,129025.702
2024-03-12 16:00:00,71779.2,71910.0,68600.0,71403.1,182962.502
2024-03-12 20:00:00,71403.0,71623.3,70623.8,71503.2,36730.291
2024-03-13 00:00:00,71503.3,72300.0,71388.1,72135.8,30308.014
2024-03-13 04:00:00,72135.8,73311.7,71990.0,72964.0,48978.929
2024-03-13 08:00:00,72964.1,73755.0,72934.1,73149.9,50161.327
2024-03-13 12:00:00,73149.8,73276.9,71671.1,72670.2,97371.457
2024-03-13 16:00:00,72670.2,73421.6,72410.6,73399.9,39746.775
2024-03-13 20:00:00,73399.9,73485.1,72883.2,73127.6,21879.836
2024-03-14 00:00:00,73127.6,73385.0,72540.5,73333.3,26763.274
2024-03-14 04:00:00,73333.3,73881.4,72720.0,73280.7,54976.316
2024-03-14 08:00:00,73280.7,73598.0,72678.0,72939.4,34164.114
2024-03-14 12:00:00,72939.4,73115.5,70563.0,70904.5,145808.719
2024-03-14 16:00:00,70904.5,71548.0,68600.0,69500.4,179635.464
2024-03-14 20:00:00,69500.4,71785.0,69392.1,71455.5,72553.35
2024-03-15 00:00:00,71455.6,72500.0,66660.1,68266.0,183221.843
2024-03-15 04:00:00,68266.0,68910.5,66905.0,68487.4,112860.506
2024-03-15 08:00:00,68487.4,68665.5,65580.0,67818.3,161336.026
2024-03-15 12:00:00,67818.3,68777.0,67444.9,68199.2,74867.568
2024-03-15 16:00:00,68199.2,70715.9,67568.0,69003.0,108426.144
2024-03-15 20:00:00,69002.9,69813.6,67420.0,69552.2,65098.598
2024-03-16 00:00:00,69552.1,70097.6,68967.1,69247.6,36440.378
2024-03-16 04:00:00,69247.6,69527.6,68646.0,69490.2,25526.924
2024-03-16 08:00:00,69490.2,69490.2,67739.6,68300.1,43345.593
2024-03-16 12:00:00,68300.0,68557.6,67576.0,68431.8,47936.852
2024-03-16 16:00:00,68431.9,68477.0,66700.0,66969.1,75874.402
2024-03-16 20:00:00,66969.1,67600.0,64750.0,65351.0,104301.98
2024-03-17 00:00:00,65351.0,66630.7,65166.6,66574.4,54153.223
2024-03-17 04:00:00,66574.5,66600.0,64559.8,65681.2,70177.078
2024-03-17 08:00:00,65681.1,67600.0,65333.0,67015.0,66619.301
2024-03-17 12:00:00,67014.9,68199.0,66500.0,68009.8,57971.821
2024-03-17 16:00:00,68009.9,68757.1,67812.2,68575.5,36619.508
2024-03-17 20:00:00,68575.5,68972.4,68001.6,68447.9,29349.378
2024-03-18 00:00:00,68447.9,68486.6,66814.6,68038.1,53949.744
2024-03-18 04:00:00,68038.1,69044.4,67760.1,68262.9,37297.925
2024-03-18 08:00:00,68262.9,68557.9,67350.6,68307.7,45501.817
2024-03-18 12:00:00,68307.6,68685.3,66658.0,67509.2,93123.928
2024-03-18 16:00:00,67509.2,68140.0,66601.6,66985.7,60098.513
2024-03-18 20:00:00,66985.8,68054.9,66985.8,67660.0,27913.989
2024-03-19 00:00:00,67660.0,68178.6,64893.1,65930.5,118043.87
2024-03-19 04:00:00,65930.4,66044.0,63625.0,64742.1,114699.638
2024-03-19 08:00:00,64742.1,64750.0,62545.0,63137.1,148646.191
2024-03-19 12:00:00,63137.1,64198.7,62412.1,64084.0,120209.988
2024-03-19 16:00:00,64084.1,65802.8,64003.0,64435.0,107528.517
2024-03-19 20:00:00,64435.0,64549.2,61582.8,61974.1,91338.591
2024-03-20 00:00:00,61974.1,63544.1,61661.7,61894.8,101026.897
2024-03-20 04:00:00,61896.3,63248.8,60800.0,62995.1,111380.629
2024-03-20 08:00:00,62995.1,64010.0,62676.6,63432.0,70517.139
2024-03-20 12:00:00,63432.0,64450.0,63113.6,63649.0,93735.674
2024-03-20 16:00:00,63648.9,66062.4,62057.7,65821.6,160980.964
2024-03-20 20:00:00,65821.6,68140.0,65692.3,67876.4,99721.162
2024-03-21 00:00:00,67876.4,68293.9,66400.4,66707.8,56126.971
2024-03-21 04:00:00,66707.8,67384.6,66129.0,67031.8,51815.644
2024-03-21 08:00:00,67031.8,67716.6,66695.6,67082.3,40706.816
2024-03-21 12:00:00,67082.3,67774.3,66105.8,66601.6,72640.997
2024-03-21 16:00:00,66601.6,67066.6,64924.6,65276.0,75882.498
2024-03-21 20:00:00,65274.3,66000.0,64550.1,65539.9,50045.459
2024-03-22 00:00:00,65539.9,66200.0,65163.0,66017.8,39257.301
2024-03-22 04:00:00,66017.8,66691.9,65801.4,66223.4,28624.153
2024-03-22 08:00:00,66223.3,66413.0,64102.0,64268.0,64282.856
2024-03-22 12:00:00,64268.1,64729.1,62614.5,63920.0,142184.833
2024-03-22 16:00:00,63920.0,64168.0,62794.6,63907.2,67901.638
2024-03-22 20:00:00,63907.4,64017.1,62294.0,63826.0,58898.552
2024-03-23 00:00:00,63826.1,64418.0,63020.2,63592.0,45171.862
2024-03-23 04:00:00,63592.0,64887.6,63537.8,64606.5,38575.356
2024-03-23 08:00:00,64606.6,64875.2,64221.3,64674.9,30575.575
2024-03-23 12:00:00,64674.8,65473.8,64320.0,65147.5,50015.088
2024-03-23 16:00:00,65147.4,66050.0,64823.5,64917.9,46298.247
2024-03-23 20:00:00,64918.0,65245.3,63861.9,64020.3,28487.872
2024-03-24 00:00:00,64020.4,64770.3,63951.7,64007.6,26955.583
2024-03-24 04:00:00,64008.1,64633.6,63822.0,64624.6,26527.085
2024-03-24 08:00:00,64624.6,65432.9,64511.9,65371.9,38847.042
2024-03-24 12:00:00,65371.9,65974.7,65224.7,65718.6,42167.269
2024-03-24 16:00:00,65718.6,66127.0,64635.0,65886.8,54566.413
2024-03-24 20:00:00,65886.8,67700.0,65777.3,67260.9,55116.043
2024-03-25 00:00:00,67260.9,67409.6,66427.6,67407.8,38631.742
2024-03-25 04:00:00,67407.8,67780.0,66744.0,66866.6,38989.057
2024-03-25 08:00:00,66866.5,67388.3,66784.2,66855.9,29696.402
2024-03-25 12:00:00,66855.1,70108.1,66825.5,69844.6,140201.921
2024-03-25 16:00:00,69844.5,71063.6,69505.8,71019.6,87615.027
2024-03-25 20:00:00,71019.6,71228.3,69608.9,69920.5,60022.042
2024-03-26 00:00:00,69920.6,70679.0,69782.2,70473.8,30683.177
2024-03-26 04:00:00,70473.7,71649.0,70302.4,70535.0,50356.28
2024-03-26 08:00:00,70535.0,71340.8,70295.9,70734.2,44137.268
2024-03-26 12:00:00,70734.1,71200.0,69320.0,70307.1,101981.595
2024-03-26 16:00:00,70307.0,70580.0,69465.2,69523.3,54669.999
2024-03-26 20:00:00,69523.2,70368.0,69420.0,70044.1,26032.797
2024-03-27 00:00:00,70044.2,70799.3,69888.0,70445.1,35628.422
2024-03-27 04:00:00,70445.2,70650.0,69690.1,69798.8,31346.5
2024-03-27 08:00:00,69797.5,70436.6,69466.4,70290.3,38869.095
2024-03-27 12:00:00,70290.2,71888.0,68551.0,68922.0,202602.158
2024-03-27 16:00:00,68922.1,69487.8,68364.8,68707.8,69700.95
2024-03-27 20:00:00,68707.7,69703.7,68677.2,69532.6,29139.449
2024-03-28 00:00:00,69532.6,70081.9,68941.0,69349.3,31861.746
2024-03-28 04:00:00,69349.3,70564.0,69333.0,70456.8,37488.507
2024-03-28 08:00:00,70457.0,71050.0,70344.9,70707.7,42713.479
2024-03-28 12:00:00,70707.7,71636.2,70411.0,71335.1,78369.544
2024-03-28 16:00:00,71335.2,71381.4,70455.6,70837.1,33522.126
2024-03-28 20:00:00,70837.1,71138.0,70592.3,70838.7,18015.42
2024-03-29 00:00:00,70838.8,70976.9,70335.1,70491.8,18384.635
2024-03-29 04:00:00,70491.7,70598.5,69801.9,69855.6,30990.097
2024-03-29 08:00:00,69855.6,70379.9,69612.8,70182.9,36337.211
2024-03-29 12:00:00,70183.0,70704.8,69000.0,69240.1,60730.386
2024-03-29 16:00:00,69240.4,69734.6,69125.4,69720.6,26131.25
2024-03-29 20:00:00,69720.5,69970.1,69327.0,69903.6,15397.262
2024-03-30 00:00:00,69903.6,70245.0,69753.3,69836.8,17158.879
2024-03-30 04:00:00,69836.8,70388.0,69805.1,69900.1,18320.399
2024-03-30 08:00:00,69900.2,70254.7,69872.3,70237.1,14184.529
2024-03-30 12:00:00,70237.1,70328.0,69961.3,70064.9,13327.59
2024-03-30 16:00:00,70065.0,70373.8,69712.3,69944.7,16241.65
2024-03-30 20:00:00,69944.7,69959.0,69577.2,69642.1,11893.703
2024-03-31 00:00:00,69642.0,70224.2,69608.0,69980.8,16822.223
2024-03-31 04:00:00,69980.9,70555.6,69928.0,70366.5,19570.18
2024-03-31 08:00:00,70367.5,70549.5,70200.0,70442.6,12809.761
2024-03-31 12:00:00,70442.6,70824.0,70329.6,70446.2,25610.054
2024-03-31 16:00:00,70446.2,71383.2,70387.8,71135.1,33030.26
2024-03-31 20:00:00,71135.1,71495.5,70711.0,71363.0,24616.312
2024-04-01 00:00:00,71363.0,71388.0,70588.0,70650.1,21815.323
2024-04-01 04:00:00,70650.0,70727.2,68895.5,69637.0,70969.124
2024-04-01 08:00:00,69637.0,69868.9,69222.0,69520.4,29105.42
2024-04-01 12:00:00,69520.4,70145.0,68210.0,68281.0,83634.103
2024-04-01 16:00:00,68280.9,69866.1,68103.3,69682.1,53164.149
2024-04-01 20:00:00,69682.2,69949.0,69361.0,69700.0,24124.007
2024-04-02 00:00:00,69700.0,69731.6,65600.0,66734.1,118225.311
2024-04-02 04:00:00,66734.1,67157.0,66150.0,66503.3,55086.316
2024-04-02 08:00:00,66503.4,66748.0,65108.0,65684.2,101124.889
2024-04-02 12:00:00,65684.2,66289.0,64650.0,64928.3,121001.846
2024-04-02 16:00:00,64928.2,66225.2,64603.2,65946.8,70323.338
2024-04-02 20:00:00,65946.8,66147.1,65223.3,65505.3,33279.872
2024-04-03 00:00:00,65502.4,66341.8,64500.0,66252.2,60445.956
2024-04-03 04:00:00,66252.2,66550.0,65955.0,66181.1,31478.147
2024-04-03 08:00:00,66181.2,66696.5,65555.0,66094.3,47333.798
2024-04-03 12:00:00,66094.2,66940.0,65661.0,65873.9,67186.665
2024-04-03 16:00:00,65873.9,66624.0,65451.1,65798.8,45312.02
2024-04-03 20:00:00,65798.8,66324.0,65500.1,65971.9,23284.644
2024-04-04 00:00:00,65971.8,66375.8,65451.3,65637.2,30274.072
2024-04-04 04:00:00,65637.2,66307.0,65100.0,66104.8,39140.486
2024-04-04 08:00:00,66104.7,66500.0,66036.0,66361.5,24461.347
2024-04-04 12:00:00,66361.5,67916.0,66336.6,67631.8,75527.215
2024-04-04 16:00:00,67631.7,69329.7,67514.7,68484.0,97105.541
2024-04-04 20:00:00,68483.9,68581.0,67291.3,68489.9,59876.677
2024-04-05 00:00:00,68489.8,68787.1,67420.2,67885.4,37413.887
2024-04-05 04:00:00,67885.5,68051.4,66376.0,66937.4,50688.326
2024-04-05 08:00:00,66937.4,67700.0,66388.4,66502.8,56234.546
2024-04-05 12:00:00,66502.8,68585.9,65966.0,68201.5,110822.813
2024-04-05 16:00:00,68200.0,68388.1,67326.6,67400.0,41415.268
2024-04-05 20:00:00,67400.0,67977.0,67333.3,67825.7,16972.453
2024-04-06 00:00:00,67825.8,68074.8,67450.0,67793.3,18480.422
2024-04-06 04:00:00,67793.4,68240.1,67601.0,67985.1,17391.704
2024-04-06 08:00:00,67985.1,68129.0,67610.0,67655.0,15249.245
2024-04-06 12:00:00,67654.9,68320.0,67525.0,68094.0,21939.242
2024-04-06 16:00:00,68094.0,68490.1,67923.4,68259.5,18317.958
2024-04-06 20:00:00,68259.4,69708.0,68158.5,68901.6,35965.155
2024-04-07 00:00:00,68901.5,69800.0,68820.6,69402.1,30693.366
2024-04-07 04:00:00,69402.2,69499.5,69055.1,69367.4,17331.856
2024-04-07 08:00:00,69367.3,69579.2,69198.3,69366.1,15464.263
2024-04-07 12:00:00,69366.2,69921.3,69215.1,69567.9,33660.142
2024-04-07 16:00:00,69567.9,70395.0,68881.3,69089.9,54047.41
2024-04-07 20:00:00,69090.0,69492.9,68900.9,69362.7,20586.399
2024-04-08 00:00:00,69362.7,69898.0,69040.4,69484.9,26553.497
2024-04-08 04:00:00,69485.0,70917.0,69296.6,70745.4,40704.221
2024-04-08 08:00:00,70745.4,72753.6,70677.6,72472.6,110069.526
2024-04-08 12:00:00,72472.6,72890.4,71276.0,71815.7,70417.438
2024-04-08 16:00:00,71815.7,72171.6,71338.3,71807.2,34303.61
2024-04-08 20:00:00,71807.3,72077.3,71552.5,71678.4,15189.157
2024-04-09 00:00:00,71678.3,71820.6,70900.0,71339.0,33623.357
2024-04-09 04:00:00,71339.0,71399.9,70160.0,70444.0,48492.765
2024-04-09 08:00:00,70444.1,70961.0,69536.8,70858.3,66018.368
2024-04-09 12:00:00,70858.2,71048.3,68538.0,69322.8,113450.195
2024-04-09 16:00:00,69322.8,69369.9,68216.0,69049.7,54110.638
2024-04-09 20:00:00,69049.6,69473.4,68913.2,69189.3,18364.08
2024-04-10 00:00:00,69189.2,69650.0,68514.0,69193.1,38460.266
2024-04-10 04:00:00,69193.2,69564.0,69049.0,69381.6,19061.143
2024-04-10 08:00:00,69381.6,69381.6,68662.7,69094.7,32864.25
2024-04-10 12:00:00,69094.8,69275.1,67546.2,68687.9,125630.717
2024-04-10 16:00:00,68688.0,70130.0,68585.0,70121.0,71230.063
2024-04-10 20:00:00,70120.3,71412.2,69613.4,70681.7,50528.317
2024-04-11 00:00:00,70681.8,71128.8,70340.0,70900.5,25776.252
2024-04-11 04:00:00,70900.5,71387.4,70421.0,70789.1,32669.624
2024-04-11 08:00:00,70789.1,71337.8,69921.1,70043.3,45863.876
2024-04-11 12:00:00,70043.4,71160.0,69592.6,70045.9,96654.864
2024-04-11 16:00:00,70045.9,70577.7,69608.1,70491.4,34983.242
2024-04-11 20:00:00,70491.3,70806.4,69800.0,70055.7,20246.295
2024-04-12 00:00:00,70055.6,71071.4,70044.4,71034.3,28772.522
2024-04-12 04:00:00,71034.3,71297.0,70633.6,70825.9,25196.369
2024-04-12 08:00:00,70825.9,71038.9,70552.9,70950.9,21288.038
2024-04-12 12:00:00,70950.9,71028.0,69267.0,69374.1,82025.367
2024-04-12 16:00:00,69374.0,69626.7,65102.0,66867.5,220063.11
2024-04-12 20:00:00,66867.6,67498.7,66695.1,67136.4,38182.743
2024-04-13 00:00:00,67136.4,67200.0,65754.6,67188.4,55177.302
2024-04-13 04:00:00,67188.5,67975.4,67039.3,67466.1,42109.713
2024-04-13 08:00:00,67466.1,67842.9,67116.9,67377.0,23444.783
2024-04-13 12:00:00,67377.1,67954.0,67175.0,67683.2,29542.422
2024-04-13 16:00:00,67683.2,67770.0,63530.0,64779.1,107653.08
2024-04-13 20:00:00,64779.1,65667.7,59652.5,63939.7,257077.903
2024-04-14 00:00:00,63939.7,64297.1,62139.3,63428.7,88650.039
2024-04-14 04:00:00,63428.5,64869.0,63383.3,64449.9,50112.447
2024-04-14 08:00:00,64449.9,64891.6,63850.0,64150.2,40232.475
2024-04-14 12:00:00,64150.2,64846.1,63428.6,64163.3,59925.363
2024-04-14 16:00:00,64163.3,64733.0,62550.0,64146.0,92113.232
2024-04-14 20:00:00,64146.0,65822.1,63300.0,65615.9,64736.577
2024-04-15 00:00:00,65615.9,65842.8,64903.1,65107.9,35393.543
2024-04-15 04:00:00,65108.0,66550.0,64649.2,66224.8,53589.263
2024-04-15 08:00:00,66224.9,66874.9,65801.0,65848.6,41279.881
2024-04-15 12:00:00,65848.6,66369.7,63800.0,64552.8,94952.165
2024-04-15 16:00:00,64552.6,64848.8,62242.5,63269.9,113636.279
2024-04-15 20:00:00,63269.9,63610.3,62606.0,63392.7,42681.094
2024-04-16 00:00:00,63392.8,63879.6,62711.0,62937.6,43701.669
2024-04-16 04:00:00,62937.6,63786.3,61651.8,63487.9,68412.564
2024-04-16 08:00:00,63488.0,63646.9,61521.0,63064.6,80931.579
2024-04-16 12:00:00,63064.6,63399.7,61704.7,61749.2,98458.37
2024-04-16 16:00:00,61749.2,63277.1,61680.0,62691.0,73768.751
2024-04-16 20:00:00,62690.9,64356.3,62519.3,63765.0,40658.506
2024-04-17 00:00:00,63764.9,64283.3,63541.7,63806.0,28336.977
2024-04-17 04:00:00,63806.1,64483.3,63170.5,63260.8,36161.176
2024-04-17 08:00:00,63260.7,63562.7,62490.0,62576.9,41805.835
2024-04-17 12:00:00,62576.8,62957.2,59713.2,60272.0,180202.594
2024-04-17 16:00:00,60274.0,61938.0,59625.0,60997.2,122038.404
2024-04-17 20:00:00,60997.1,61743.7,60741.3,61254.5,35488.006
2024-04-18 00:00:00,61254.5,62194.8,60900.0,61953.5,39391.28
2024-04-18 04:00:00,61953.6,62048.0,60763.8,61154.7,45077.119
2024-04-18 08:00:00,61154.6,63049.9,60824.2,62563.0,60982.513
2024-04-18 12:00:00,62563.0,64100.0,61558.0,63474.0,118803.773
2024-04-18 16:00:00,63473.9,63857.5,62268.4,63438.0,68984.116
2024-04-18 20:00:00,63437.3,63815.6,63123.3,63445.0,30063.593
2024-04-19 00:00:00,63445.0,63449.9,59541.0,61757.1,162327.211
2024-04-19 04:00:00,61757.1,65189.0,61701.3,64519.6,132400.625
2024-04-19 08:00:00,64519.5,65480.0,64088.1,64839.8,79968.568
2024-04-19 12:00:00,64839.8,65420.5,63779.7,64417.7,83821.582
2024-04-19 16:00:00,64417.6,64823.6,63477.5,64307.2,67738.532
2024-04-19 20:00:00,64307.2,64478.8,62910.0,63787.4,48007.54
2024-04-20 00:00:00,63787.4,64236.2,63045.1,63931.8,41252.775
2024-04-20 04:00:00,63931.8,64244.0,63779.9,63937.9,19125.163
2024-04-20 08:00:00,63938.0,63967.2,63244.0,63688.7,35323.02
2024-04-20 12:00:00,63688.7,64940.0,63537.3,64771.0,33816.236
2024-04-20 16:00:00,64771.0,65400.0,64421.8,64834.7,50097.196
2024-04-20 20:00:00,64834.8,65013.0,64513.1,64897.2,17527.872
2024-04-21 00:00:00,64897.2,65678.7,64570.5,65131.2,30568.361
2024-04-21 04:00:00,65131.3,65216.3,64803.1,65109.8,17902.665
2024-04-21 08:00:00,65109.8,65425.0,64728.3,65203.5,25335.64
2024-04-21 12:00:00,65203.5,65362.3,64743.7,65015.0,24230.119
2024-04-21 16:00:00,65014.9,65068.7,64214.2,64506.9,37769.782
2024-04-21 20:00:00,64507.0,65242.0,64322.7,64912.6,24727.381
2024-04-22 00:00:00,64912.7,66101.0,64470.5,65677.6,56789.099
2024-04-22 04:00:00,65677.5,66449.0,65466.6,65943.7,41069.709
2024-04-22 08:00:00,65943.8,66180.0,65664.6,65856.2,23493.116
2024-04-22 12:00:00,65856.1,66449.0,65600.7,65966.8,49814.265
2024-04-22 16:00:00,65966.8,66819.6,65866.8,66495.6,43140.787
2024-04-22 20:00:00,66495.6,67222.0,66300.1,66778.0,31961.435
2024-04-23 00:00:00,66777.9,67158.9,66383.5,66410.1,25070.758
2024-04-23 04:00:00,66410.0,66627.6,65988.0,66079.9,27576.254
2024-04-23 08:00:00,66079.9,66297.0,65812.0,66023.5,24977.278
2024-04-23 12:00:00,66023.5,67099.7,65750.0,66393.2,59203.747
2024-04-23 16:00:00,66393.2,66887.0,66311.4,66456.0,22329.169
2024-04-23 20:00:00,66455.9,66457.1,65924.7,66386.3,19508.358
2024-04-24 00:00:00,66386.2,66869.8,66347.2,66585.7,18340.202
2024-04-24 04:00:00,66585.8,67068.2,66520.8,66588.9,23285.043
2024-04-24 08:00:00,66588.9,66721.7,66172.0,66550.7,24802.818
2024-04-24 12:00:00,66550.7,66711.9,64489.7,64594.0,103026.913
2024-04-24 16:00:00,64593.5,65122.0,63695.0,63960.9,71058.223
2024-04-24 20:00:00,63960.8,64426.6,63575.0,64250.0,40031.862
2024-04-25 00:00:00,64250.0,64713.6,63823.2,64260.0,29118.115
2024-04-25 04:00:00,64259.9,64377.1,63800.0,63996.1,23629.633
2024-04-25 08:00:00,63996.2,64180.0,63300.0,63826.9,47523.366
2024-04-25 12:00:00,63827.0,64316.5,62721.3,64091.7,92249.687
2024-04-25 16:00:00,64091.6,64995.7,63934.0,64721.5,52582.241
2024-04-25 20:00:00,64721.6,65270.6,64413.4,64478.8,30108.02
2024-04-26 00:00:00,64478.8,64649.7,63844.0,64359.7,32749.047
2024-04-26 04:00:00,64359.6,64590.3,63992.6,64236.6,22324.933
2024-04-26 08:00:00,64236.7,64544.8,64031.5,64213.6,20015.817
2024-04-26 12:00:00,64213.6,64783.1,63325.0,63481.3,81303.56
2024-04-26 16:00:00,63481.2,64156.0,63291.5,63723.6,32853.541
2024-04-26 20:00:00,63723.6,64097.4,63648.6,63748.8,12902.915
2024-04-27 00:00:00,63748.7,63901.4,62332.8,63047.2,59693.74
2024-04-27 04:00:00,63047.2,63157.6,62760.7,62944.3,17253.027
2024-04-27 08:00:00,62944.3,63044.6,62650.0,62834.5,14504.338
2024-04-27 12:00:00,62834.4,63390.8,62780.3,62928.4,23358.7
2024-04-27 16:00:00,62928.3,63624.4,62700.2,63329.8,39059.005
2024-04-27 20:00:00,63329.9,63532.6,63115.0,63421.0,13480.299
2024-04-28 00:00:00,63420.9,64350.0,63420.9,63989.8,28362.952
2024-04-28 04:00:00,63989.9,64041.4,63760.9,63883.1,14698.248
2024-04-28 08:00:00,63883.2,63954.6,63230.7,63459.1,21213.117
2024-04-28 12:00:00,63459.0,63832.0,63385.1,63508.6,17692.993
2024-04-28 16:00:00,63508.5,63973.9,63446.2,63688.9,14380.74
2024-04-28 20:00:00,63688.9,63716.9,62700.0,63088.3,29708.101
2024-04-29 00:00:00,63088.4,63337.8,62056.1,62259.9,33929.947
2024-04-29 04:00:00,62259.9,62632.1,61888.0,62362.0,40103.763
2024-04-29 08:00:00,62362.1,62658.7,62150.0,62222.9,22955.752
2024-04-29 12:00:00,62222.6,63085.0,61726.2,63012.2,66488.045
2024-04-29 16:00:00,63012.2,63227.3,62511.1,62953.4,30356.738
2024-04-29 20:00:00,62953.4,64200.0,62787.6,63842.4,34576.918
2024-04-30 00:00:00,63842.4,64700.0,63075.9,63627.1,54356.874
2024-04-30 04:00:00,63627.1,63691.3,63050.0,63123.8,21881.93
2024-04-30 08:00:00,63123.7,63220.4,61000.0,61182.3,92748.254
2024-04-30 12:00:00,61182.3,61576.1,60517.6,60764.9,86741.926
2024-04-30 16:00:00,60764.9,60887.9,59150.0,59276.2,99188.1
2024-04-30 20:00:00,59276.1,61063.2,59256.6,60651.2,53830.619
2024-05-01 00:00:00,60651.2,60816.7,59555.0,60214.0,41842.441
2024-05-01 04:00:00,60214.0,60331.8,57030.0,57482.0,111582.926
2024-05-01 08:00:00,57482.0,57881.0,56537.7,57862.1,105319.627
2024-05-01 12:00:00,57862.2,58257.8,56651.2,56865.2,86671.022
2024-05-01 16:00:00,56865.3,59438.2,56600.0,56935.7,163355.41
2024-05-01 20:00:00,56935.7,58550.8,56729.0,58307.6,55336.974
2024-05-02 00:00:00,58307.7,58571.1,56951.6,57407.6,48642.413
2024-05-02 04:00:00,57407.7,57933.1,57175.4,57645.0,24643.195
2024-05-02 08:00:00,57645.0,58696.6,57542.4,58538.4,54335.416
2024-05-02 12:00:00,58538.5,59441.6,58186.7,59230.7,97124.36
2024-05-02 16:00:00,59230.8,59557.4,58895.6,59324.4,38379.928
2024-05-02 20:00:00,59324.5,59637.3,58594.4,59036.7,36103.99
2024-05-03 00:00:00,59036.7,59976.9,58781.3,59687.9,36797.051
2024-05-03 04:00:00,59687.9,59810.0,59031.5,59158.1,23719.982
2024-05-03 08:00:00,59158.1,59562.9,58818.2,59269.3,31556.268
2024-05-03 12:00:00,59269.4,62239.6,58970.5,61662.1,155671.882
2024-05-03 16:00:00,61662.2,62181.0,61497.6,62031.9,40812.563
2024-05-03 20:00:00,62031.9,63333.0,61931.1,62853.7,65048.713
2024-05-04 00:00:00,62853.7,63555.5,62520.0,62698.1,35544.126
2024-05-04 04:00:00,62698.0,63430.0,62652.5,62931.3,29638.413
2024-05-04 08:00:00,62931.4,64547.9,62888.0,63850.0,62488.68
2024-05-04 12:00:00,63850.0,64137.8,63424.0,63590.0,35808.475
2024-05-04 16:00:00,63590.1,64000.0,63278.1,63885.2,21209.796
2024-05-04 20:00:00,63885.2,64198.9,63503.1,63864.2,20515.709
2024-05-05 00:00:00,63864.3,64170.6,62833.0,63209.8,40066.159
2024-05-05 04:00:00,63209.8,63932.4,63067.3,63697.1,22134.259
2024-05-05 08:00:00,63697.1,63907.9,63505.7,63838.0,20907.752
2024-05-05 12:00:00,63838.1,64644.3,63588.7,64398.0,51798.38
2024-05-05 16:00:00,64398.1,64531.9,63756.0,63846.0,29615.387
2024-05-05 20:00:00,63846.0,64217.4,63520.3,63988.0,20973.716
2024-05-06 00:00:00,63987.9,64443.3,63666.0,63830.1,22429.192
2024-05-06 04:00:00,63830.0,64564.5,63738.9,64509.6,29368.823
2024-05-06 08:00:00,64509.5,65500.0,63779.1,64178.1,90546.106
2024-05-06 12:00:00,64178.1,64295.1,62900.0,63599.8,92005.477
2024-05-06 16:00:00,63599.9,63731.3,62655.3,63200.0,52386.835
2024-05-06 20:00:00,63199.9,63598.7,63025.0,63142.8,18373.634
2024-05-07 00:00:00,63142.7,63950.0,62805.6,63204.1,38286.024
2024-05-07 04:00:00,63204.1,63830.0,63056.8,63648.9,23770.021
2024-05-07 08:00:00,63648.9,64392.2,63313.2,63472.4,47888.36
2024-05-07 12:00:00,63472.4,64320.0,63001.0,63710.0,57889.868
2024-05-07 16:00:00,63710.1,63875.0,62758.1,63034.7,34222.559
2024-05-07 20:00:00,63034.7,63177.3,62203.6,62296.0,36917.814
2024-05-08 00:00:00,62296.0,62949.2,62055.0,62864.0,28153.491
2024-05-08 04:00:00,62864.0,62994.9,62036.1,62186.7,31663.88
2024-05-08 08:00:00,62186.7,62517.6,62005.8,62224.9,29263.081
2024-05-08 12:00:00,62224.9,62800.0,61736.7,62251.8,67533.185
2024-05-08 16:00:00,62251.9,62743.9,61902.8,62148.7,29625.538
2024-05-08 20:00:00,62148.6,62224.5,60843.6,61157.9,55412.404
2024-05-09 00:00:00,61157.9,61779.0,61113.0,61647.4,22040.64
2024-05-09 04:00:00,61647.5,61753.2,61087.0,61222.5,21456.884
2024-05-09 08:00:00,61222.5,61429.2,60550.0,61033.0,42557.014
2024-05-09 12:00:00,61033.0,62262.1,60846.7,62122.5,66846.839
2024-05-09 16:00:00,62122.5,62637.3,61707.8,62420.6,48794.861
2024-05-09 20:00:00,62420.6,63447.2,62312.3,63050.1,40755.064
2024-05-10 00:00:00,63050.0,63070.2,62633.2,62880.0,19493.079
2024-05-10 04:00:00,62880.0,63365.5,62638.3,63053.9,29665.211
2024-05-10 08:00:00,63053.8,63299.0,62758.7,63276.5,21952.047
2024-05-10 12:00:00,63276.5,63446.5,60645.3,60893.8,129675.576
2024-05-10 16:00:00,60893.7,61262.7,60117.4,60682.4,83338.902
2024-05-10 20:00:00,60682.4,60985.8,60416.6,60778.1,23090.145
2024-05-11 00:00:00,60778.0,61079.4,60617.0,60706.0,19987.403
2024-05-11 04:00:00,60706.0,61055.5,60680.4,60988.9,16168.856
2024-05-11 08:00:00,60989.0,61028.0,60432.6,60654.5,18892.24
2024-05-11 12:00:00,60654.6,61491.4,60602.6,61146.1,29790.488
2024-05-11 16:00:00,61146.1,61390.0,60976.8,61112.9,15661.949
2024-05-11 20:00:00,61113.0,61129.9,60720.3,60809.2,12793.851
2024-05-12 00:00:00,60809.2,61081.3,60778.0,60902.5,8957.244
2024-05-12 04:00:00,60902.6,61097.0,60557.3,60803.8,13680.716
2024-05-12 08:00:00,60803.8,61361.9,60757.7,61120.0,20279.049
2024-05-12 12:00:00,61120.1,61598.8,61050.0,61395.9,17168.03
2024-05-12 16:00:00,61395.9,61849.4,61158.3,61393.5,28818.414
2024-05-12 20:00:00,61393.4,61527.5,60870.0,61455.8,15140.444
2024-05-13 00:00:00,61455.7,61787.6,60750.0,61130.0,42993.269
2024-05-13 04:00:00,61130.0,62426.0,60757.6,62296.6,44748.278
2024-05-13 08:00:00,62296.5,63289.3,62296.5,62700.0,74300.067
2024-05-13 12:00:00,62699.9,63183.0,62400.0,62980.5,42598.003
2024-05-13 16:00:00,62981.2,63440.0,62540.2,63140.5,43073.508
2024-05-13 20:00:00,63139.6,63162.1,62683.5,62912.1,14213.948
2024-05-14 00:00:00,62912.2,63099.6,62377.2,62464.8,30244.783
2024-05-14 04:00:00,62464.8,62749.9,61373.2,62002.1,53110.693
2024-05-14 08:00:00,62002.0,62015.7,61492.8,61770.2,22566.352
2024-05-14 12:00:00,61770.2,62295.9,60950.0,61749.9,91131.328
2024-05-14 16:00:00,61750.0,61793.0,61116.6,61563.6,34540.72
2024-05-14 20:00:00,61563.6,61768.9,61444.6,61550.5,12751.398
2024-05-15 00:00:00,61550.5,61998.0,61316.1,61923.2,18643.623
2024-05-15 04:00:00,61923.2,62245.1,61783.2,62157.4,20302.939
2024-05-15 08:00:00,62157.5,62972.7,61886.8,62447.4,54806.314
2024-05-15 12:00:00,62447.3,65055.0,62371.5,64685.5,155120.647
2024-05-15 16:00:00,64685.4,66382.3,64681.5,65959.6,79093.976
2024-05-15 20:00:00,65959.6,66440.0,65687.2,66175.4,37064.181
2024-05-16 00:00:00,66175.4,66644.0,65735.9,65946.9,31811.606
2024-05-16 04:00:00,65946.8,66232.8,65633.0,66100.0,22763.404
2024-05-16 08:00:00,66100.0,66573.0,65962.2,66483.8,26975.817
2024-05-16 12:00:00,66483.8,66800.0,65339.0,65800.1,80035.187
2024-05-16 16:00:00,65800.0,65809.6,64567.0,65152.2,63915.502
2024-05-16 20:00:00,65152.3,65480.0,65018.7,65217.7,16953.808
2024-05-17 00:00:00,65217.7,65850.0,65061.2,65545.2,27794.9
2024-05-17 04:00:00,65545.1,66478.5,65327.7,66350.6,41669.275
2024-05-17 08:00:00,66350.5,66550.0,66037.3,66182.7,26340.98
2024-05-17 12:00:00,66182.6,67400.6,65773.8,67170.0,76890.366
2024-05-17 16:00:00,67169.9,67277.8,66158.4,67007.5,42405.702
2024-05-17 20:00:00,67007.5,67027.7,66636.0,66980.0,11962.696
2024-05-18 00:00:00,66980.0,67059.8,66696.1,66918.9,14987.935
2024-05-18 04:00:00,66919.0,67233.6,66700.1,66854.1,15843.297
2024-05-18 08:00:00,66854.1,67340.5,66808.4,67152.4,19628.857
2024-05-18 12:00:00,67152.5,67198.7,66503.2,66781.4,27767.746
2024-05-18 16:00:00,66781.3,66965.0,66682.6,66881.7,10585.364
2024-05-18 20:00:00,66881.8,67035.1,66761.1,66884.9,8118.349
2024-05-19 00:00:00,66884.9,67279.0,66810.0,67133.0,12471.395
2024-05-19 04:00:00,67133.1,67313.8,66895.0,67295.0,13650.417
2024-05-19 08:00:00,67295.1,67750.0,66921.9,67303.3,41565.229
2024-05-19 12:00:00,67303.4,67303.4,66619.4,66863.0,29635.182
2024-05-19 16:00:00,66863.0,66964.7,65835.8,66002.9,36476.631
2024-05-19 20:00:00,66002.9,66438.0,65958.2,66239.4,14371.496
2024-05-20 00:00:00,66239.4,66748.0,66010.0,66643.1,22106.058
2024-05-20 04:00:00,66643.0,67270.0,66236.9,66788.9,41557.498
2024-05-20 08:00:00,66788.9,67341.4,66720.9,66974.0,28761.148
2024-05-20 12:00:00,66974.0,67499.9,66716.3,67382.1,40610.395
2024-05-20 16:00:00,67382.1,70120.0,67344.9,69996.4,129693.909
2024-05-20 20:00:00,69996.5,71674.6,68900.0,71466.5,103299.07
2024-05-21 00:00:00,71466.5,72132.8,70740.8,71323.8,63389.213
2024-05-21 04:00:00,71323.7,71462.0,70858.4,70926.4,25693.491
2024-05-21 08:00:00,70926.3,71498.6,70900.2,71163.0,30042.772
2024-05-21 12:00:00,71163.0,71487.6,69722.0,69874.9,75217.839
2024-05-21 16:00:00,69874.8,70300.0,69165.6,69317.7,46218.311
2024-05-21 20:00:00,69319.2,70393.2,69269.1,70168.8,23112.701
2024-05-22 00:00:00,70168.7,70423.2,69868.1,70002.0,19590.336
2024-05-22 04:00:00,70001.9,70137.7,69242.0,69759.6,29964.805
2024-05-22 08:00:00,69759.6,70321.8,69680.0,69770.3,21713.431
2024-05-22 12:00:00,69770.3,70642.8,69466.7,70485.7,52886.213
2024-05-22 16:00:00,70485.7,70715.4,69241.5,69668.0,41621.447
2024-05-22 20:00:00,69668.0,69999.0,68736.8,69219.1,28384.262
2024-05-23 00:00:00,69219.2,69670.1,69219.1,69483.2,16149.719
2024-05-23 04:00:00,69483.2,69900.0,69371.6,69770.6,16494.618
2024-05-23 08:00:00,69770.6,70100.0,69561.8,70019.5,24326.937
2024-05-23 12:00:00,70019.4,70133.3,67612.8,68103.0,114331.673
2024-05-23 16:00:00,68102.9,68199.0,66763.9,67239.0,54734.54
2024-05-23 20:00:00,67239.1,68388.0,66156.6,67999.9,74056.135
2024-05-24 00:00:00,67999.9,68042.9,67651.7,67905.8,18229.102
2024-05-24 04:00:00,67905.8,67944.2,66850.0,67191.2,36724.606
2024-05-24 08:00:00,67191.2,67540.5,66639.0,67383.4,25954.913
2024-05-24 12:00:00,67383.3,68445.0,66952.6,68340.2,47961.276
2024-05-24 16:00:00,68340.3,69273.5,67950.0,69127.4,42690.151
2024-05-24 20:00:00,69127.3,69222.2,68535.6,68584.1,15121.034
2024-05-25 00:00:00,68584.0,68935.7,68523.7,68772.5,13021.059
2024-05-25 04:00:00,68772.6,68854.7,68633.1,68775.0,8126.279
2024-05-25 08:00:00,68775.1,69622.8,68767.0,69112.5,25426.221
2024-05-25 12:00:00,69112.4,69323.9,68844.1,68949.1,21348.654
2024-05-25 16:00:00,68949.0,69287.6,68870.6,69167.0,10058.168
2024-05-25 20:00:00,69166.9,69394.6,69061.5,69314.4,7133.224
2024-05-26 00:00:00,69314.5,69339.6,68830.0,69093.2,10244.257
2024-05-26 04:00:00,69093.2,69468.9,68934.0,69359.2,9813.627
2024-05-26 08:00:00,69359.2,69590.3,68980.6,69160.3,15909.255
2024-05-26 12:00:00,69160.3,69425.2,68678.5,68864.6,21942.125
2024-05-26 16:00:00,68864.7,68987.9,68697.2,68925.4,11186.901
2024-05-26 20:00:00,68925.5,68937.5,68155.0,68524.3,14973.659
2024-05-27 00:00:00,68524.4,69331.6,68490.1,68900.6,19327.66
2024-05-27 04:00:00,68900.5,68935.1,68327.3,68661.1,19042.524
2024-05-27 08:00:00,68661.0,68958.6,68268.7,68462.9,19439.727
2024-05-27 12:00:00,68463.0,70584.9,68401.2,70421.5,55134.676
2024-05-27 16:00:00,70421.4,70750.0,69100.0,69298.0,39677.011
2024-05-27 20:00:00,69297.9,69950.0,69211.8,69461.6,17669.758
2024-05-28 00:00:00,69461.5,69628.0,67760.0,68070.0,54544.602
2024-05-28 04:00:00,68070.0,68153.8,67500.0,67712.0,29822.671
2024-05-28 08:00:00,67712.1,68921.6,67602.8,68411.3,40291.196
2024-05-28 12:00:00,68411.3,68583.7,67550.0,68399.7,46982.297
2024-05-28 16:00:00,68399.8,68657.0,67273.0,68466.5,41587.464
2024-05-28 20:00:00,68466.4,68710.0,68162.2,68440.5,14610.21
2024-05-29 00:00:00,68440.4,68983.0,68302.8,68862.1,18567.902
2024-05-29 04:00:00,68862.0,68976.4,67975.5,67993.6,21732.935
2024-05-29 08:00:00,67993.7,68085.2,67631.0,67816.9,25758.932
2024-05-29 12:00:00,67816.8,68330.6,67321.7,67421.0,51076.169
2024-05-29 16:00:00,67421.0,67790.0,67129.0,67315.9,26538.879
2024-05-29 20:00:00,67316.0,67882.2,67179.4,67686.7,14561.782
2024-05-30 00:00:00,67686.8,68250.0,67501.7,68156.0,18064.349
2024-05-30 04:00:00,68156.0,68479.0,67555.0,67627.8,29978.701
2024-05-30 08:00:00,67627.9,68154.1,67167.0,67855.7,33978.605
2024-05-30 12:00:00,67855.8,68869.9,67792.4,68566.4,47275.223
2024-05-30 16:00:00,68566.4,69568.9,68412.0,68705.0,45336.979
2024-05-30 20:00:00,68705.0,68712.0,68068.8,68402.5,19940.042
2024-05-31 00:00:00,68402.6,68782.0,68316.0,68574.0,16008.269
2024-05-31 04:00:00,68574.0,68694.0,68124.0,68226.1,15093.349
2024-05-31 08:00:00,68226.2,68500.0,67908.4,68387.8,23284.141
2024-05-31 12:00:00,68387.9,69080.0,67234.0,67252.7,74910.649
2024-05-31 16:00:00,67252.6,68059.4,66700.5,67719.9,50702.718
2024-05-31 20:00:00,67720.0,67834.4,67259.7,67577.9,15752.626
2024-06-01 00:00:00,67577.9,67800.7,67480.0,67749.9,11203.855
2024-06-01 04:00:00,67750.0,67857.5,67608.6,67677.9,8158.758
2024-06-01 08:00:00,67677.8,67800.0,67649.8,67704.0,6444.213
2024-06-01 12:00:00,67704.0,67936.0,67681.4,67728.2,9973.997
2024-06-01 16:00:00,67728.2,67867.3,67590.0,67779.7,9329.853
2024-06-01 20:00:00,67779.7,67921.3,67729.6,67799.2,5832.382
2024-06-02 00:00:00,67799.2,67951.7,67661.9,67826.1,7225.374
2024-06-02 04:00:00,67826.0,67910.0,67738.0,67743.0,4961.302
2024-06-02 08:00:00,67743.0,68367.9,67410.0,68284.1,23005.4
2024-06-02 12:00:00,68284.0,68545.9,67824.1,68189.8,30389.939
2024-06-02 16:00:00,68189.8,68252.0,67296.3,67765.3,27950.08
2024-06-02 20:00:00,67765.4,68038.7,67606.4,67805.9,8662.623
2024-06-03 00:00:00,67805.9,68848.0,67642.6,68435.9,31790.13
2024-06-03 04:00:00,68435.9,69255.0,68333.3,68949.9,35589.902
2024-06-03 08:00:00,68950.0,69385.0,68872.1,69125.5,23842.964
2024-06-03 12:00:00,69125.5,70372.9,68554.7,69650.0,89848.981
2024-06-03 16:00:00,69650.0,69752.0,68838.0,69257.2,29783.92
2024-06-03 20:00:00,69257.2,69553.8,68764.0,68851.4,16821.033
2024-06-04 00:00:00,68851.3,69408.2,68659.0,69199.1,16706.647
2024-06-04 04:00:00,69199.1,69318.4,68787.2,69054.7,18637.534
2024-06-04 08:00:00,69054.6,69246.7,68595.5,68992.8,23575.146
2024-06-04 12:00:00,68992.8,70560.3,68882.4,70492.0,78555.551
2024-06-04 16:00:00,70492.1,71146.4,70117.8,70459.0,62356.225
2024-06-04 20:00:00,70459.1,70776.3,70207.2,70580.0,16268.913
2024-06-05 00:00:00,70580.0,71389.8,70462.8,70994.0,32305.489
2024-06-05 04:00:00,70994.0,71430.0,70872.4,71244.1,29151.109
2024-06-05 08:00:00,71244.0,71282.2,70737.4,71008.4,21436.375
2024-06-05 12:00:00,71008.4,71792.0,70423.6,71625.1,64897.043
2024-06-05 16:00:00,71625.2,71824.4,70909.2,71314.8,40647.493
2024-06-05 20:00:00,71314.8,71390.5,70711.3,71133.3,15554.525
2024-06-06 00:00:00,71133.3,71280.0,70922.5,71087.8,11201.699
2024-06-06 04:00:00,71087.7,71144.0,70850.0,71077.3,16751.841
2024-06-06 08:00:00,71077.2,71259.8,70912.9,71219.2,13937.128
2024-06-06 12:00:00,71219.3,71714.8,71025.1,71334.3,51402.285
2024-06-06 16:00:00,71334.3,71421.6,70489.2,70526.1,39348.23
2024-06-06 20:00:00,70526.0,70988.0,70101.9,70830.0,25842.381
2024-06-07 00:00:00,70830.0,71063.8,70700.0,71032.9,13995.944
2024-06-07 04:00:00,71032.8,71476.0,71029.0,71147.9,24968.269
2024-06-07 08:00:00,71147.9,71773.3,71085.0,71750.0,22121.625
2024-06-07 12:00:00,71749.9,72144.0,70668.0,71150.0,100822.73
2024-06-07 16:00:00,71150.1,71254.7,68405.0,69287.2,118519.869
2024-06-07 20:00:00,69287.2,69663.4,69000.4,69377.0,18983.933
2024-06-08 00:00:00,69377.0,69550.0,69314.2,69454.6,11099.128
2024-06-08 04:00:00,69454.6,69612.5,69257.9,69612.5,11997.931
2024-06-08 08:00:00,69612.5,69613.6,69351.8,69404.5,10018.737
2024-06-08 12:00:00,69404.5,69540.0,69192.3,69462.1,17084.533
2024-06-08 16:00:00,69462.0,69533.0,69334.5,69486.6,8497.079
2024-06-08 20:00:00,69486.6,69514.0,69325.0,69346.5,7042.449
2024-06-09 00:00:00,69346.6,69386.5,69160.0,69300.9,9319.249
2024-06-09 04:00:00,69300.9,69461.9,69263.0,69331.9,6332.455
2024-06-09 08:00:00,69331.9,69443.5,69314.8,69400.6,5060.355
2024-06-09 12:00:00,69400.6,69821.1,69284.8,69530.1,27852.187
2024-06-09 16:00:00,69530.1,69879.0,69517.0,69742.6,12632.597
2024-06-09 20:00:00,69742.5,69862.0,69606.4,69667.1,6827.257
2024-06-10 00:00:00,69667.1,69833.0,69450.1,69637.3,11282.926
2024-06-10 04:00:00,69637.4,69712.1,69265.0,69325.3,16614.917
2024-06-10 08:00:00,69325.3,69592.6,69201.2,69506.7,17219.526
2024-06-10 12:00:00,69506.6,70222.7,69255.1,70090.9,38901.997
2024-06-10 16:00:00,70090.9,70166.1,69420.0,69524.2,28832.938
2024-06-10 20:00:00,69524.3,69734.5,69360.4,69558.7,14529.3
2024-06-11 00:00:00,69558.8,69600.0,67881.9,68472.3,62972.141
2024-06-11 04:00:00,68472.2,68472.2,67300.0,67582.0,54397.426
2024-06-11 08:00:00,67582.1,67690.8,66689.5,66919.6,60250.278
2024-06-11 12:00:00,66919.6,67288.0,66000.0,66266.0,69766.471
2024-06-11 16:00:00,66266.0,67591.3,66177.9,67420.6,47244.306
2024-06-11 20:00:00,67420.5,67605.0,67180.4,67320.7,17354.32
2024-06-12 00:00:00,67320.6,67624.2,66920.0,67413.0,21465.281
2024-06-12 04:00:00,67413.0,67621.0,67200.0,67449.4,15864.818
2024-06-12 08:00:00,67449.5,68065.3,67346.6,67789.9,27553.384
2024-06-12 12:00:00,67790.0,70028.0,67740.9,69738.0,109560.362
2024-06-12 16:00:00,69738.0,69864.2,67215.2,67523.2,123012.215
2024-06-12 20:00:00,67523.1,68692.6,67409.8,68270.3,32462.4
2024-06-13 00:00:00,68270.3,68400.0,66957.0,67471.1,38476.862
2024-06-13 04:00:00,67471.1,67728.4,67300.0,67724.9,20772.849
2024-06-13 08:00:00,67724.9,67964.1,67170.4,67744.6,32346.314
2024-06-13 12:00:00,67744.6,68607.7,66337.0,66464.4,104087.192
2024-06-13 16:00:00,66464.3,67080.5,66251.1,66620.8,39352.706
2024-06-13 20:00:00,66620.9,66991.1,66533.1,66786.9,13319.538
2024-06-14 00:00:00,66786.8,67038.0,66471.3,66749.7,21110.955
2024-06-14 04:00:00,66749.8,67228.2,66710.8,66906.2,20208.27
2024-06-14 08:00:00,66906.3,67250.0,66755.8,67034.2,20074.503
2024-06-14 12:00:00,67034.1,67366.5,66334.5,66380.0,52927.484
2024-06-14 16:00:00,66380.0,66522.0,65052.4,65514.9,90887.381
2024-06-14 20:00:00,65514.9,66648.8,65471.6,66039.7,34202.638
2024-06-15 00:00:00,66039.7,66280.0,65979.6,66266.0,10504.153
2024-06-15 04:00:00,66265.9,66421.5,66060.0,66082.6,16019.55
2024-06-15 08:00:00,66082.5,66334.8,66054.2,66305.2,11031.847
2024-06-15 12:00:00,66305.2,66482.6,66157.5,66311.9,12929.953
2024-06-15 16:00:00,66311.8,66360.8,66057.0,66144.2,9737.092
2024-06-15 20:00:00,66144.1,66282.5,65801.0,66213.7,12201.16
2024-06-16 00:00:00,66213.7,66256.9,66054.1,66129.6,7207.515
2024-06-16 04:00:00,66129.6,66350.0,66012.1,66249.4,9128.799
2024-06-16 08:00:00,66249.3,66780.0,66169.4,66471.4,21366.022
2024-06-16 12:00:00,66471.4,66778.1,66455.6,66690.4,16369.949
2024-06-16 16:00:00,66690.4,66733.3,66496.0,66542.5,9484.899
2024-06-16 20:00:00,66542.4,66960.3,66432.9,66653.6,16804.367
2024-06-17 00:00:00,66653.5,66915.4,66116.0,66200.0,26541.924
2024-06-17 04:00:00,66199.9,66548.9,65907.5,66147.3,25463.109
2024-06-17 08:00:00,66147.3,66295.8,65511.6,65791.8,38859.894
2024-06-17 12:00:00,65791.9,65813.2,65094.9,65341.9,50595.447
2024-06-17 16:00:00,65341.8,67280.6,65130.0,66661.4,79723.99
2024-06-17 20:00:00,66661.4,66746.2,66122.3,66472.1,27236.423
2024-06-18 00:00:00,66472.1,66558.9,64565.0,65474.9,89800.947
2024-06-18 04:00:00,65474.9,65831.1,65314.6,65646.4,30746.917
2024-06-18 08:00:00,65646.3,65724.6,65080.9,65339.2,24625.538
2024-06-18 12:00:00,65339.2,65410.1,64212.0,64676.8,108649.661
2024-06-18 16:00:00,64676.7,64887.4,64009.8,64400.0,48259.975
2024-06-18 20:00:00,64399.7,65281.6,64168.9,65150.0,33476.356
2024-06-19 00:00:00,65149.9,65596.9,64777.1,65377.1,37949.606
2024-06-19 04:00:00,65377.0,65711.9,65143.0,65295.0,25799.918
2024-06-19 08:00:00,65294.9,65519.6,64955.9,65181.9,28912.285
2024-06-19 12:00:00,65182.0,65279.9,64708.2,64895.0,27082.482
2024-06-19 16:00:00,64895.0,65269.5,64757.2,64851.3,17320.406
2024-06-19 20:00:00,64851.4,65060.4,64600.0,64933.6,12967.972
2024-06-20 00:00:00,64933.6,65378.0,64804.7,65156.0,19929.713
2024-06-20 04:00:00,65156.0,65977.0,65051.7,65831.4,34653.264
2024-06-20 08:00:00,65831.3,66467.0,65552.6,66150.0,37258.526
2024-06-20 12:00:00,66150.0,66289.4,64625.2,64794.4,82670.424
2024-06-20 16:00:00,64794.3,65198.5,64526.0,65032.9,37216.049
2024-06-20 20:00:00,65032.9,65164.1,64831.0,64854.0,9226.7
2024-06-21 00:00:00,64854.0,65055.5,64306.5,64473.4,23077.355
2024-06-21 04:00:00,64473.4,64715.9,64167.1,64179.4,23004.106
2024-06-21 08:00:00,64179.5,64350.0,63485.0,63745.5,57148.359
2024-06-21 12:00:00,63745.1,64342.1,63361.2,63716.9,60362.492
2024-06-21 16:00:00,63717.0,64243.7,63444.6,64207.5,29552.67
2024-06-21 20:00:00,64207.6,64448.9,63801.0,64124.0,16964.619
2024-06-22 00:00:00,64124.1,64315.2,63915.8,64297.2,10320.946
2024-06-22 04:00:00,64297.2,64520.0,64218.8,64490.1,13520.233
2024-06-22 08:00:00,64490.0,64512.0,64184.8,64245.0,13671.968
2024-06-22 12:00:00,64244.9,64390.3,64222.0,64283.4,7200.476
2024-06-22 16:00:00,64283.3,64340.6,64200.2,64270.9,4989.552
2024-06-22 20:00:00,64270.9,64307.0,64215.9,64240.0,4152.687
2024-06-23 00:00:00,64240.1,64500.0,64240.0,64389.0,9294.674
2024-06-23 04:00:00,64389.0,64409.0,64311.9,64390.0,4545.853
2024-06-23 08:00:00,64390.0,64414.0,64211.7,64310.7,7086.881
2024-06-23 12:00:00,64310.7,64409.1,64034.2,64071.8,12474.652
2024-06-23 16:00:00,64071.8,64166.4,63888.0,64128.7,10422.264
2024-06-23 20:00:00,64128.7,64132.7,63137.9,63194.9,28227.969
2024-06-24 00:00:00,63194.9,63357.0,62638.0,62840.1,43033.616
2024-06-24 04:00:00,62840.0,62931.7,62125.4,62433.6,49460.025
2024-06-24 08:00:00,62433.6,62955.3,60500.0,61257.3,110919.968
2024-06-24 12:00:00,61257.3,61677.0,60650.0,60823.2,52488.693
2024-06-24 16:00:00,60823.3,61018.6,59001.0,59294.7,120813.039
2024-06-24 20:00:00,59292.8,60431.8,58218.0,60273.6,69187.843
2024-06-25 00:00:00,60273.5,61566.0,60230.5,61271.1,41969.855
2024-06-25 04:00:00,61271.1,61392.5,60600.5,60660.8,33185.269
2024-06-25 08:00:00,60660.9,61587.4,60641.2,61170.7,34675.875
2024-06-25 12:00:00,61170.7,62145.5,60941.9,61776.0,76703.109
2024-06-25 16:00:00,61775.9,62448.1,61100.0,61957.9,63812.457
2024-06-25 20:00:00,61957.1,62141.4,61641.4,61777.8,14300.752
2024-06-26 00:00:00,61777.9,62465.1,61605.7,61910.4,22735.968
2024-06-26 04:00:00,61910.4,61969.2,61500.6,61705.3,19736.078
2024-06-26 08:00:00,61705.3,61741.3,61150.0,61427.2,26889.266
2024-06-26 12:00:00,61427.3,61959.4,61140.2,61453.2,38176.787
2024-06-26 16:00:00,61453.3,61532.5,60700.0,60991.0,47290.709
2024-06-26 20:00:00,60990.9,61144.7,60696.0,60860.1,15772.372
2024-06-27 00:00:00,60860.1,61327.9,60752.2,61027.1,16213.431
2024-06-27 04:00:00,61027.0,61191.4,60605.0,60786.4,16884.46
2024-06-27 08:00:00,60786.4,61500.0,60730.0,61188.5,24181.569
2024-06-27 12:00:00,61188.5,62379.7,61137.7,61570.5,67990.828
2024-06-27 16:00:00,61570.6,61997.2,61396.4,61445.9,24189.502
2024-06-27 20:00:00,61445.9,61696.1,61340.0,61682.0,10712.692
2024-06-28 00:00:00,61682.1,62204.0,61458.1,61803.0,27120.72
2024-06-28 04:00:00,61803.0,61812.9,61186.4,61317.9,20978.587
2024-06-28 08:00:00,61318.0,61779.0,61181.9,61671.5,21252.752
2024-06-28 12:00:00,61671.5,61868.1,60721.2,61039.9,69596.468
2024-06-28 16:00:00,61039.9,61106.0,60077.2,60132.2,40681.247
2024-06-28 20:00:00,60132.2,60465.0,60038.0,60429.8,15878.351
2024-06-29 00:00:00,60429.8,61023.0,60400.1,60760.1,25192.132
2024-06-29 04:00:00,60760.0,61128.1,60706.5,61049.8,12412.104
2024-06-29 08:00:00,61049.8,61232.0,60895.5,61111.0,15840.048
2024-06-29 12:00:00,61110.9,61188.6,60951.1,61107.9,12366.272
2024-06-29 16:00:00,61107.8,61130.0,60918.6,61056.5,6981.263
2024-06-29 20:00:00,61056.4,61097.0,60883.1,60982.4,6888.47
2024-06-30 00:00:00,60982.5,61081.4,60750.6,60898.2,11400.085
2024-06-30 04:00:00,60898.2,61798.2,60705.0,61533.6,30029.87
2024-06-30 08:00:00,61533.6,61720.0,61400.0,61555.6,17926.412
2024-06-30 12:00:00,61555.6,61871.8,61325.0,61722.4,25442.248
2024-06-30 16:00:00,61722.5,62100.0,61579.3,62016.8,21477.736
2024-06-30 20:00:00,62016.8,63058.4,61825.4,62766.0,41501.564
2024-07-01 00:00:00,62766.1,63800.0,62562.0,63416.4,49753.74
2024-07-01 04:00:00,63416.5,63453.7,63200.0,63265.5,13560.88
2024-07-01 08:00:00,63265.5,63302.7,62580.0,62657.9,26439.402
2024-07-01 12:00:00,62657.9,63182.5,62502.2,63119.9,40119.806
2024-07-01 16:00:00,63120.0,63849.0,62947.4,63207.6,46436.922
2024-07-01 20:00:00,63207.2,63421.6,62780.0,62883.6,17627.188
2024-07-02 00:00:00,62883.7,63284.0,62765.7,63115.7,14302.825
2024-07-02 04:00:00,63118.0,63227.0,62566.0,62617.9,19063.833
2024-07-02 08:00:00,62617.9,62861.1,62387.0,62823.3,26473.226
2024-07-02 12:00:00,62823.3,63167.4,61840.0,61945.0,63689.49
2024-07-02 16:00:00,61945.0,62362.8,61800.0,61944.0,29330.932
2024-07-02 20:00:00,61944.0,62176.4,61870.8,62123.6,10240.937
2024-07-03 00:00:00,62123.5,62278.2,60600.0,60983.5,55575.397
2024-07-03 04:00:00,60983.4,61179.4,60802.0,60859.9,23185.153
2024-07-03 08:00:00,60859.8,60987.3,59515.1,60384.9,81025.116
2024-07-03 12:00:00,60384.9,60700.0,59756.5,60176.1,66329.351
2024-07-03 16:00:00,60176.1,60653.0,59645.6,59661.2,38404.269
2024-07-03 20:00:00,59661.2,60361.7,59299.3,60208.0,30783.979
2024-07-04 00:00:00,60208.0,60500.0,57611.0,59092.4,99276.085
2024-07-04 04:00:00,59092.4,59131.7,58086.4,58214.0,46231.188
2024-07-04 08:00:00,58214.0,58484.5,56917.5,57748.4,97863.329
2024-07-04 12:00:00,57748.4,58350.0,56750.0,58137.6,110723.819
2024-07-04 16:00:00,58137.5,58653.4,57735.7,58267.0,42553.649
2024-07-04 20:00:00,58266.9,58800.0,56560.0,57045.9,49008.207
2024-07-05 00:00:00,57045.9,57533.4,54918.3,55214.6,163719.762
2024-07-05 04:00:00,55214.7,55350.0,53329.5,54389.4,128635.582
2024-07-05 08:00:00,54389.4,55629.7,53870.4,55458.9,78963.666
2024-07-05 12:00:00,55459.0,56663.5,54822.9,56637.5,106044.317
2024-07-05 16:00:00,56637.5,57000.0,55781.8,56446.2,83444.612
2024-07-05 20:00:00,56446.1,56847.0,56300.0,56604.9,16385.656
2024-07-06 00:00:00,56604.9,56975.0,56157.3,56388.3,30655.656
2024-07-06 04:00:00,56388.4,56660.0,56000.0,56571.1,26523.01
2024-07-06 08:00:00,56571.1,56850.0,56412.5,56713.2,17676.392
2024-07-06 12:00:00,56713.2,57420.0,56475.7,57285.4,38884.253
2024-07-06 16:00:00,57285.4,58089.9,57150.0,57834.8,37978.044
2024-07-06 20:00:00,57834.9,58472.0,57792.2,58216.0,26862.667
2024-07-07 00:00:00,58216.0,58443.0,57820.0,57943.9,38936.027
2024-07-07 04:00:00,57944.0,57990.3,57041.7,57344.4,37722.788
2024-07-07 08:00:00,57344.5,57899.9,57331.2,57436.9,23278.542
2024-07-07 12:00:00,57436.9,57600.0,56555.1,56806.2,42475.284
2024-07-07 16:00:00,56806.2,57372.2,56723.0,57133.9,22235.384
2024-07-07 20:00:00,57133.9,57301.8,55688.0,55830.9,45713.956
2024-07-08 00:00:00,55831.0,55999.0,54243.1,55136.6,97328.846
2024-07-08 04:00:00,55136.6,55878.0,54935.3,55828.4,40128.204
2024-07-08 08:00:00,55828.4,58200.0,55715.2,57137.3,124398.512
2024-07-08 12:00:00,57137.3,57629.3,54890.0,55736.8,131119.632
2024-07-08 16:00:00,55736.8,56550.0,55400.5,56462.3,44260.458
2024-07-08 20:00:00,56462.9,56955.0,56175.4,56686.4,26871.305
2024-07-09 00:00:00,56686.4,57350.0,56256.2,57139.5,45966.233
2024-07-09 04:00:00,57139.5,57744.8,57000.0,57102.5,36022.582
2024-07-09 08:00:00,57102.5,57899.9,57000.0,57407.1,42043.643
2024-07-09 12:00:00,57407.1,58159.6,56862.9,57445.3,74279.844
2024-07-09 16:00:00,57445.3,58290.6,57318.3,57837.7,40891.309
2024-07-09 20:00:00,57837.7,58256.0,57684.6,58023.2,18033.437
2024-07-10 00:00:00,58023.1,58190.0,57315.9,58157.7,27261.073
2024-07-10 04:00:00,58157.6,59449.6,58153.3,58948.1,69642.36
2024-07-10 08:00:00,58948.0,59013.9,58288.0,58469.4,39133.753
2024-07-10 12:00:00,58469.4,58544.5,57416.5,57658.0,68439.925
2024-07-10 16:00:00,57658.1,57995.0,57333.0,57374.1,26039.13
2024-07-10 20:00:00,57374.8,57860.8,57125.0,57707.0,23732.696
2024-07-11 00:00:00,57707.0,58380.0,57030.0,57540.5,43339.762
2024-07-11 04:00:00,57540.4,58288.6,57464.2,58168.1,25661.286
2024-07-11 08:00:00,58168.2,58887.0,58024.0,58754.1,39948.267
2024-07-11 12:00:00,58754.0,59780.0,57242.0,57382.8,131206.798
2024-07-11 16:00:00,57382.8,57969.6,57152.0,57354.7,31336.599
2024-07-11 20:00:00,57354.8,57593.2,57118.0,57315.5,21614.247
2024-07-12 00:00:00,57315.7,57554.4,56500.1,56887.6,45049.617
2024-07-12 04:00:00,56887.6,57378.0,56690.0,57071.4,27355.661
2024-07-12 08:00:00,57071.4,57325.2,56740.6,57188.8,31049.857
2024-07-12 12:00:00,57188.7,58255.4,57066.0,58188.9,59825.465
2024-07-12 16:00:00,58188.9,58500.0,57446.1,57546.1,49492.814
2024-07-12 20:00:00,57546.2,57887.6,57107.7,57870.0,25327.202
2024-07-13 00:00:00,57870.0,57962.8,57730.2,57792.4,11605.553
2024-07-13 04:00:00,57792.5,58195.7,57728.6,58140.0,14463.35
2024-07-13 08:00:00,58140.0,58900.0,57882.3,58513.9,34849.5
2024-07-13 12:00:00,58514.0,58873.1,58408.1,58808.5,30158.627
2024-07-13 16:00:00,58808.5,58950.0,58538.9,58596.6,17510.271
2024-07-13 20:00:00,58596.7,59850.0,58254.5,59174.0,49297.021
2024-07-14 00:00:00,59173.9,59816.5,59164.0,59435.0,31878.101
2024-07-14 04:00:00,59435.0,60299.0,59387.4,60031.3,46649.503
2024-07-14 08:00:00,60031.2,60397.2,59879.3,60079.0,26938.154
2024-07-14 12:00:00,60079.0,60220.0,59438.0,60053.3,38864.156
2024-07-14 16:00:00,60053.3,60154.6,59858.0,59886.3,10270.212
2024-07-14 20:00:00,59886.3,61412.4,59850.0,60766.0,53460.757
2024-07-15 00:00:00,60766.0,62777.0,60622.6,62617.3,79541.414
2024-07-15 04:00:00,62617.3,63075.8,62400.0,62816.0,44695.396
2024-07-15 08:00:00,62816.1,63239.2,62266.0,62431.9,44412.806
2024-07-15 12:00:00,62432.0,63299.8,62419.5,62985.9,56556.02
2024-07-15 16:00:00,62986.0,63777.0,62812.8,63309.9,70459.802
2024-07-15 20:00:00,63309.9,64870.7,63216.2,64680.6,56556.743
2024-07-16 00:00:00,64680.6,64936.1,64405.0,64725.1,33143.185
2024-07-16 04:00:00,64725.1,64988.8,62672.4,62881.8,86305.499
2024-07-16 08:00:00,62881.8,63839.0,62350.0,63719.8,66858.749
2024-07-16 12:00:00,63719.8,64942.0,63031.5,64833.9,85549.043
2024-07-16 16:00:00,64833.9,65177.0,64070.4,65125.2,63666.014
2024-07-16 20:00:00,65125.2,65388.0,64058.0,65010.0,39736.126
2024-07-17 00:00:00,65010.0,66100.0,64885.3,65662.8,54516.165
2024-07-17 04:00:00,65662.8,65968.5,65167.6,65226.2,30419.751
2024-07-17 08:00:00,65226.2,65479.5,64531.0,64700.0,48428.987
2024-07-17 12:00:00,64699.9,65379.8,64489.5,64695.8,64341.879
2024-07-17 16:00:00,64696.0,64745.6,63823.0,64550.6,57856.457
2024-07-17 20:00:00,64550.7,64654.4,64020.0,64055.7,21093.154
2024-07-18 00:00:00,64055.8,65173.8,63871.2,64827.8,35420.27
2024-07-18 04:00:00,64827.9,65038.5,64355.1,64644.8,22100.793
2024-07-18 08:00:00,64644.8,64930.7,64413.0,64728.9,20655.775
2024-07-18 12:00:00,64729.0,65098.9,63359.1,63500.1,79341.492
2024-07-18 16:00:00,63500.1,63933.3,63206.4,63535.6,40122.803
2024-07-18 20:00:00,63535.5,64096.3,63413.1,63959.9,18007.024
2024-07-19 00:00:00,63960.0,64348.2,63266.2,64298.0,30771.327
2024-07-19 04:00:00,64297.9,64469.3,63565.0,63673.9,28188.859
2024-07-19 08:00:00,63673.9,64165.8,63371.4,64095.2,35395.006
2024-07-19 12:00:00,64095.6,65870.0,64010.1,65791.5,93974.647
2024-07-19 16:00:00,65791.5,67362.8,65784.0,67107.8,96570.502
2024-07-19 20:00:00,67107.8,67320.9,66590.9,66627.9,26959.464
2024-07-20 00:00:00,66627.9,66797.0,66159.1,66568.7,22374.296
2024-07-20 04:00:00,66568.7,66729.0,66401.0,66526.3,11307.037
2024-07-20 08:00:00,66526.4,66700.0,66422.9,66445.9,11122.777
2024-07-20 12:00:00,66446.0,66799.9,66241.4,66797.0,17627.83
2024-07-20 16:00:00,66797.0,67648.7,66632.0,67195.0,41238.669
2024-07-20 20:00:00,67195.0,67412.4,66737.7,67095.6,19893.797
2024-07-21 00:00:00,67095.6,67400.0,66918.4,67145.8,13108.955
2024-07-21 04:00:00,67145.8,67194.3,66560.0,66670.0,18387.329
2024-07-21 08:00:00,66669.9,67040.4,66645.6,66845.4,11562.755
2024-07-21 12:00:00,66845.4,67498.0,66571.3,67130.9,31277.598
2024-07-21 16:00:00,67130.9,67719.8,65750.0,67391.4,89763.164
2024-07-21 20:00:00,67391.5,68351.2,67239.9,68138.0,43128.571
2024-07-22 00:00:00,68138.0,68459.7,67700.0,67847.3,29357.1
2024-07-22 04:00:00,67847.3,67966.0,67100.0,67210.3,26807.626
2024-07-22 08:00:00,67210.4,67571.4,66904.2,67479.1,20838.304
2024-07-22 12:00:00,67479.1,67932.2,66538.6,67044.3,56104.431
2024-07-22 16:00:00,67044.3,68228.6,66784.1,68193.5,34521.383
2024-07-22 20:00:00,68193.6,68221.5,67202.1,67499.2,25362.547
2024-07-23 00:00:00,67499.2,67729.3,67175.6,67437.3,20135.362
2024-07-23 04:00:00,67437.3,67493.3,66216.1,66550.0,45758.851
2024-07-23 08:00:00,66549.9,67135.5,66413.0,66641.0,34676.727
2024-07-23 12:00:00,66641.0,67338.0,65921.7,66552.8,86188.637
2024-07-23 16:00:00,66552.8,66745.1,65416.5,65516.1,57758.536
2024-07-23 20:00:00,65516.2,66040.0,65453.4,65916.4,25912.567
2024-07-24 00:00:00,65916.3,66135.5,65450.8,66027.5,23229.873
2024-07-24 04:00:00,66027.4,66056.0,65577.5,66049.0,16527.006
2024-07-24 08:00:00,66049.0,66590.0,65974.9,66345.7,28364.608
2024-07-24 12:00:00,66345.7,67087.3,66066.0,66155.7,64013.824
2024-07-24 16:00:00,66155.8,66687.9,65537.0,65631.8,46286.693
2024-07-24 20:00:00,65631.8,66059.7,65040.5,65350.8,36657.417
2024-07-25 00:00:00,65350.7,65606.3,63823.3,64074.0,86228.936
2024-07-25 04:00:00,64073.9,64378.0,63800.0,64115.1,29134.565
2024-07-25 08:00:00,64115.0,64474.2,63857.2,64082.6,32232.038
2024-07-25 12:00:00,64082.6,64993.6,63456.7,64773.3,85867.664
2024-07-25 16:00:00,64773.3,65170.0,64357.5,64669.5,43249.638
2024-07-25 20:00:00,64669.5,66144.0,64390.8,65773.0,42972.6
2024-07-26 00:00:00,65773.0,67470.4,65688.2,67014.0,54322.043
2024-07-26 04:00:00,67014.0,67168.2,66839.5,66873.8,27381.084
2024-07-26 08:00:00,66873.7,67466.0,66873.7,67293.9,25036.72
2024-07-26 12:00:00,67293.9,67982.4,66865.7,67528.0,69433.176
2024-07-26 16:00:00,67527.9,68143.0,67277.0,67957.2,30157.705
2024-07-26 20:00:00,67957.2,68200.0,67365.0,67882.5,29053.798
2024-07-27 00:00:00,67882.5,68055.6,67588.3,67766.2,15182.442
2024-07-27 04:00:00,67766.2,68278.8,67752.1,68013.6,17714.409
2024-07-27 08:00:00,68013.5,68244.6,67864.8,68184.7,14552.231
2024-07-27 12:00:00,68184.7,69381.7,68162.9,68822.0,69130.287
2024-07-27 16:00:00,68821.9,68976.4,67538.4,68209.2,61397.72
2024-07-27 20:00:00,68209.3,69200.0,66624.5,67873.8,153005.558
2024-07-28 00:00:00,67873.7,68246.6,67222.7,67910.9,22253.123
2024-07-28 04:00:00,67910.9,68003.5,67037.0,67517.7,25149.842
2024-07-28 08:00:00,67517.6,67969.1,67178.9,67800.0,18990.816
2024-07-28 12:00:00,67800.1,68093.4,67527.4,67624.3,21697.193
2024-07-28 16:00:00,67624.2,68300.0,67588.4,68090.0,15542.059
2024-07-28 20:00:00,68090.0,68254.7,67771.6,68215.5,13280.902
2024-07-29 00:00:00,68215.5,69782.2,68130.1,69323.1,64456.552
2024-07-29 04:00:00,69323.1,69872.6,69240.0,69510.6,28440.561
2024-07-29 08:00:00,69510.5,69841.2,69345.0,69549.9,23274.384
2024-07-29 12:00:00,69549.8,70081.0,67650.0,68067.2,122246.263
2024-07-29 16:00:00,68067.3,68093.1,66365.8,67276.6,102883.789
2024-07-29 20:00:00,67276.7,67521.0,66547.1,66750.0,31236.269
2024-07-30 00:00:00,66750.1,66865.3,65820.0,66585.6,53988.278
2024-07-30 04:00:00,66585.7,66966.6,66288.0,66914.0,23753.397
2024-07-30 08:00:00,66914.0,66956.6,66358.9,66532.5,23447.894
2024-07-30 12:00:00,66532.6,66923.8,65500.0,66198.0,66028.538
2024-07-30 16:00:00,66198.0,66526.1,65501.1,65899.4,47748.809
2024-07-30 20:00:00,65900.0,66319.0,65254.5,66159.3,31584.128
2024-07-31 00:00:00,66159.3,66380.0,65825.9,66028.9,19978.559
2024-07-31 04:00:00,66028.1,66540.8,65459.4,66196.4,40885.994
2024-07-31 08:00:00,66196.4,66360.4,65906.7,66062.6,19153.975
2024-07-31 12:00:00,66062.7,66826.3,65939.7,66354.5,46270.954
2024-07-31 16:00:00,66354.4,66820.0,64894.0,65229.8,71073.914
2024-07-31 20:00:00,65228.1,65399.0,64500.4,64601.8,49026.05
2024-08-01 00:00:00,64601.8,64824.4,63722.0,63912.8,53076.972
2024-08-01 04:00:00,63912.7,64468.6,63559.5,64297.4,43263.551
2024-08-01 08:00:00,64297.5,64681.9,64280.0,64645.3,20514.248
2024-08-01 12:00:00,64645.2,64927.2,62646.7,62892.6,101176.373
2024-08-01 16:00:00,62892.6,63480.0,62271.2,63403.0,81788.779
2024-08-01 20:00:00,63403.0,65650.0,63312.0,65328.9,72834.667
2024-08-02 00:00:00,65329.0,65577.0,63630.6,64600.1,52628.167
2024-08-02 04:00:00,64600.1,64640.0,63800.0,64146.0,35151.989
2024-08-02 08:00:00,64146.0,64957.4,64026.5,64640.0,33125.652
2024-08-02 12:00:00,64640.0,65534.3,62350.0,63393.5,162016.878
2024-08-02 16:00:00,63393.5,63600.0,62478.0,62619.7,57246.326
2024-08-02 20:00:00,62619.6,63181.0,61200.2,61483.7,81459.408
2024-08-03 00:00:00,61483.7,61956.4,60473.3,61862.2,65725.345
2024-08-03 04:00:00,61862.2,61945.0,61380.8,61636.0,19226.551
2024-08-03 08:00:00,61636.0,61986.3,61420.2,61884.8,19753.37
2024-08-03 12:00:00,61884.7,62166.0,60800.0,60857.7,42750.029
2024-08-03 16:00:00,60857.8,61262.5,59888.0,60216.7,100562.58
2024-08-03 20:00:00,60216.8,60842.2,59800.0,60684.6,42452.081
2024-08-04 00:00:00,60684.5,61089.5,60290.9,60705.3,23040.242
2024-08-04 04:00:00,60705.3,60915.1,60228.0,60346.0,18248.526
2024-08-04 08:00:00,60344.6,60986.2,60080.5,60880.1,25833.958
2024-08-04 12:00:00,60880.1,61064.6,58926.1,59070.0,81031.408
2024-08-04 16:00:00,59069.9,59475.0,57040.0,59234.0,141030.817
2024-08-04 20:00:00,59233.9,59569.2,57975.4,58144.5,50327.464
2024-08-05 00:00:00,58144.5,58286.9,52222.0,53864.1,295951.644
2024-08-05 04:00:00,53864.0,54538.0,48888.0,52645.6,285579.138
2024-08-05 08:00:00,52645.6,53200.0,50590.1,51316.8,170229.54
2024-08-05 12:00:00,51316.7,54952.3,49501.0,54289.8,313707.062
2024-08-05 16:00:00,54289.7,55523.0,52520.4,53450.4,141719.563
2024-08-05 20:00:00,53450.3,55192.2,53439.9,54003.1,74795.078
2024-08-06 00:00:00,54003.5,56254.8,53925.3,55638.1,75090.615
2024-08-06 04:00:00,55638.1,56152.0,55220.0,55979.1,46375.502
2024-08-06 08:00:00,55979.0,56090.0,54531.6,55188.0,69864.431
2024-08-06 12:00:00,55188.0,56599.0,54288.0,56370.0,126550.5
2024-08-06 16:00:00,56370.0,56999.9,56205.1,56737.0,68281.366
2024-08-06 20:00:00,56737.0,56919.8,55792.0,55991.2,49791.025
2024-08-07 00:00:00,55991.3,57249.0,55516.3,56826.8,65654.654
2024-08-07 04:00:00,56826.9,57219.4,56510.0,56898.7,36392.101
2024-08-07 08:00:00,56898.8,57699.0,56838.0,56938.0,57955.694
2024-08-07 12:00:00,56938.0,57454.0,55620.5,56067.5,92698.036
2024-08-07 16:00:00,56067.4,56279.8,54650.0,54739.9,72193.669
2024-08-07 20:00:00,54739.9,55550.0,54519.8,55102.9,52548.386
2024-08-08 00:00:00,55102.9,57688.8,54672.4,57031.7,78167.269
2024-08-08 04:00:00,57031.8,57399.2,56636.9,57166.4,34216.433
2024-08-08 08:00:00,57166.4,57650.0,56943.7,57292.3,31182.131
2024-08-08 12:00:00,57292.4,59493.0,56645.0,59391.3,161033.47
2024-08-08 16:00:00,59391.9,59839.7,59213.6,59389.1,61744.499
2024-08-08 20:00:00,59389.0,62737.2,59273.5,61659.8,103773.706
2024-08-09 00:00:00,61659.8,61726.0,60728.7,61327.0,45368.076
2024-08-09 04:00:00,61327.0,61361.9,60555.0,60844.0,32873.145
2024-08-09 08:00:00,60844.1,61184.9,60150.0,60633.5,44404.398
2024-08-09 12:00:00,60633.5,61089.7,59500.0,59786.4,95689.828
2024-08-09 16:00:00,59786.4,60729.5,59705.9,60649.5,44486.156
2024-08-09 20:00:00,60649.6,60961.5,59862.6,60808.6,45852.736
2024-08-10 00:00:00,60808.6,61450.0,60231.6,60410.0,32792.529
2024-08-10 04:00:00,60410.0,60823.7,60208.5,60809.5,13222.181
2024-08-10 08:00:00,60809.6,61082.0,60582.4,60892.4,20424.968
2024-08-10 12:00:00,60892.3,60926.0,60375.0,60480.5,17862.337
2024-08-10 16:00:00,60480.5,61200.0,60360.0,60989.1,21578.607
2024-08-10 20:00:00,60989.1,61136.3,60721.0,60889.9,9712.732
2024-08-11 00:00:00,60889.8,61350.0,60857.0,61054.8,16049.514
2024-08-11 04:00:00,61054.8,61233.0,60838.5,61224.9,14422.756
2024-08-11 08:00:00,61225.0,62000.0,60380.1,60637.6,42331.908
2024-08-11 12:00:00,60637.5,60736.6,59911.0,60100.0,39701.126
2024-08-11 16:00:00,60099.9,60330.6,59512.2,59598.0,24736.746
2024-08-11 20:00:00,59598.1,59657.5,58255.4,58693.1,65297.026
2024-08-12 00:00:00,58693.1,59055.0,58078.8,58488.6,34275.824
2024-08-12 04:00:00,58488.6,58958.1,57615.0,58640.1,40522.628
2024-08-12 08:00:00,58640.1,59937.8,58086.1,59809.2,61662.719
2024-08-12 12:00:00,59809.2,60666.0,57774.0,60171.2,143983.432
2024-08-12 16:00:00,60171.3,60390.8,58403.9,59025.9,53835.075
2024-08-12 20:00:00,59026.0,59721.0,58520.7,59323.6,32846.612
2024-08-13 00:00:00,59323.7,59895.0,58840.2,59014.0,33883.54
2024-08-13 04:00:00,59014.0,59442.5,58803.0,59209.0,18668.52
2024-08-13 08:00:00,59209.1,59302.5,58360.0,58803.0,27235.168
2024-08-13 12:00:00,58803.0,59748.8,58668.0,59438.4,58301.15
2024-08-13 16:00:00,59438.4,61545.0,59402.6,60792.1,93646.839
2024-08-13 20:00:00,60794.5,61120.8,60355.0,60550.5,24199.504
2024-08-14 00:00:00,60550.4,61277.0,60390.0,60920.0,21570.954
2024-08-14 04:00:00,60920.1,61131.2,60588.8,60887.2,18265.191
2024-08-14 08:00:00,60887.3,61419.2,60600.0,61260.7,29257.399
2024-08-14 12:00:00,61260.6,61839.7,58773.3,59396.9,157618.112
2024-08-14 16:00:00,59396.9,59436.2,58500.0,58854.0,47736.564
2024-08-14 20:00:00,58853.8,59151.6,58367.2,58648.1,21214.588
2024-08-15 00:00:00,58648.1,59021.0,57971.2,58420.0,35121.967
2024-08-15 04:00:00,58420.0,58622.0,57679.6,58031.9,33573.459
2024-08-15 08:00:00,58031.9,58836.5,57937.7,58712.1,30951.155
2024-08-15 12:00:00,58712.0,59749.2,58508.1,59643.7,81773.999
2024-08-15 16:00:00,59643.3,59820.0,56633.0,57002.4,114222.529
2024-08-15 20:00:00,57002.5,57850.0,55969.0,57511.0,65172.837
2024-08-16 00:00:00,57511.1,58494.9,57062.1,57858.1,42608.887
2024-08-16 04:00:00,57858.1,58619.9,57766.3,58423.4,26572.525
2024-08-16 08:00:00,58423.4,58656.2,58175.9,58369.3,28098.257
2024-08-16 12:00:00,58369.4,58908.5,57500.0,58035.6,87458.985
2024-08-16 16:00:00,58035.1,59780.2,57965.4,59649.2,60447.637
2024-08-16 20:00:00,59649.3,59678.2,58711.4,58854.9,23570.238
2024-08-17 00:00:00,58854.9,59363.0,58769.4,59128.2,16955.085
2024-08-17 04:00:00,59128.2,59238.0,59024.6,59222.0,8228.101
2024-08-17 08:00:00,59221.9,59450.1,59026.0,59106.5,13687.324
2024-08-17 12:00:00,59106.5,59638.8,59065.6,59357.6,18213.242
2024-08-17 16:00:00,59357.7,59690.2,59265.3,59446.3,12678.586
2024-08-17 20:00:00,59446.2,59474.4,59122.1,59468.5,7323.194
2024-08-18 00:00:00,59468.5,60249.8,59258.5,59308.5,34857.959
2024-08-18 04:00:00,59308.5,59666.0,59214.0,59545.4,13583.873
2024-08-18 08:00:00,59545.5,60177.4,59401.1,59991.3,29934.066
2024-08-18 12:00:00,59991.3,60250.0,59629.3,59828.8,22362.047
2024-08-18 16:00:00,59828.8,59916.0,59327.8,59671.9,18061.423
2024-08-18 20:00:00,59672.0,59847.5,58352.0,58390.0,30860.896
2024-08-19 00:00:00,58390.1,58736.6,58173.2,58696.6,36689.134
2024-08-19 04:00:00,58696.7,58724.8,58339.8,58475.5,17094.209
2024-08-19 08:00:00,58475.5,58648.7,57750.0,58360.9,41220.822
2024-08-19 12:00:00,58360.8,58945.4,58019.4,58505.0,56087.605
2024-08-19 16:00:00,58504.5,59262.9,58332.0,58933.0,39519.485
2024-08-19 20:00:00,58935.7,59585.4,58879.3,59398.5,23431.884
2024-08-20 00:00:00,59398.4,60887.0,59324.2,60588.6,51764.706
2024-08-20 04:00:00,60588.5,61386.0,60539.0,60899.9,38075.289
2024-08-20 08:00:00,60899.9,60949.7,60386.7,60494.9,23776.837
2024-08-20 12:00:00,60494.9,60920.5,58663.4,58783.7,109188.639
2024-08-20 16:00:00,58783.7,59574.0,58501.1,59482.5,41313.283
2024-08-20 20:00:00,59482.5,59689.5,58831.1,58982.9,22930.376
2024-08-21 00:00:00,58982.7,59489.0,58728.9,59290.3,20416.045
2024-08-21 04:00:00,59290.3,59721.2,59164.7,59689.2,16832.524
2024-08-21 08:00:00,59689.2,59893.0,59058.0,59332.4,30713.81
2024-08-21 12:00:00,59332.3,60192.3,58801.1,59486.0,89664.322
2024-08-21 16:00:00,59485.9,61600.0,59339.9,61538.1,69687.927
2024-08-21 20:00:00,61538.1,61793.9,60865.2,61120.0,43269.051
2024-08-22 00:00:00,61120.0,61184.7,59677.6,60514.9,45566.023
2024-08-22 04:00:00,60515.0,61128.8,60422.4,60946.0,23500.574
2024-08-22 08:00:00,60946.0,61392.0,60761.2,61297.0,28590.7
2024-08-22 12:00:00,61296.9,61364.0,60060.3,60370.9,71562.025
2024-08-22 16:00:00,60370.9,60554.9,60100.0,60272.7,28524.433
2024-08-22 20:00:00,60272.8,60673.1,60250.0,60349.9,13355.204
2024-08-23 00:00:00,60349.9,60990.0,60301.5,60565.1,19144.284
2024-08-23 04:00:00,60565.0,61370.0,60548.8,61045.0,28205.46
2024-08-23 08:00:00,61045.0,61317.7,60651.6,60710.2,27019.442
2024-08-23 12:00:00,60710.1,62307.6,60710.1,61499.0,126207.328
2024-08-23 16:00:00,61498.6,63794.0,61300.0,63577.2,115228.93
2024-08-23 20:00:00,63577.4,65000.0,63435.1,64019.9,66685.265
2024-08-24 00:00:00,64020.0,64168.0,63600.0,63800.1,22317.765
2024-08-24 04:00:00,63800.0,64298.9,63790.2,64269.3,19125.053
2024-08-24 08:00:00,64269.3,64472.5,63836.6,63881.7,22828.946
2024-08-24 12:00:00,63881.7,64222.0,63828.0,63943.3,19592.894
2024-08-24 16:00:00,63943.4,64414.2,63897.6,64170.0,24371.542
2024-08-24 20:00:00,64170.1,64306.2,63522.7,64116.5,24505.702
2024-08-25 00:00:00,64116.6,64549.0,63962.9,64065.0,22855.305
2024-08-25 04:00:00,64065.0,64164.3,63751.0,63835.4,14721.603
2024-08-25 08:00:00,63835.5,63990.0,63731.3,63851.7,12960.856
2024-08-25 12:00:00,63851.7,64270.0,63777.0,64099.9,16885.471
2024-08-25 16:00:00,64099.9,64226.2,63950.0,64152.2,8486.783
2024-08-25 20:00:00,64152.3,65175.4,64098.6,64190.2,39636.87
2024-08-26 00:00:00,64190.1,64455.8,63711.2,64089.5,23198.666
2024-08-26 04:00:00,64089.5,64183.2,63541.9,63603.2,21222.012
2024-08-26 08:00:00,63603.3,64022.2,63074.5,63816.6,33534.559
2024-08-26 12:00:00,63816.6,63934.7,63032.0,63493.0,54988.264
2024-08-26 16:00:00,63493.0,63859.2,63138.4,63305.0,35175.091
2024-08-26 20:00:00,63305.0,63536.1,62750.2,62807.6,27858.63
2024-08-27 00:00:00,62807.7,63196.0,62618.0,62947.2,29706.099
2024-08-27 04:00:00,62947.1,63178.7,62688.5,62882.0,20401.076
2024-08-27 08:00:00,62881.9,62987.1,62200.2,62392.5,39119.07
2024-08-27 12:00:00,62392.4,62485.2,61426.1,61673.3,76715.331
2024-08-27 16:00:00,61673.4,62165.0,61484.3,62071.8,33637.142
2024-08-27 20:00:00,62071.8,62075.0,57928.2,59384.5,139691.087
2024-08-28 00:00:00,59384.4,59625.0,58872.3,59597.3,38342.376
2024-08-28 04:00:00,59597.3,59640.0,58475.2,58579.0,29969.699
2024-08-28 08:00:00,58579.0,60197.8,58510.0,59900.1,49925.701
2024-08-28 12:00:00,59900.2,60131.0,58400.0,58963.4,75714.471
2024-08-28 16:00:00,58963.4,59794.7,57820.0,58871.1,82316.682
2024-08-28 20:00:00,58871.0,59579.8,58602.6,59010.0,37519.638
2024-08-29 00:00:00,59010.0,59300.0,58834.0,59113.0,16919.526
2024-08-29 04:00:00,59113.4,59734.1,59040.8,59548.9,19489.42
2024-08-29 08:00:00,59548.9,60450.0,59340.0,60040.0,34525.878
2024-08-29 12:00:00,60040.0,61144.9,59956.3,60750.9,61927.272
2024-08-29 16:00:00,60750.9,60930.0,58876.8,59237.0,74013.459
2024-08-29 20:00:00,59236.9,59614.5,58655.0,59323.2,27021.13
2024-08-30 00:00:00,59323.3,59468.0,58862.2,59001.0,22767.268
2024-08-30 04:00:00,59001.1,59558.0,58650.0,59235.9,31797.878
2024-08-30 08:00:00,59236.0,59637.4,59235.9,59367.0,22816.7
2024-08-30 12:00:00,59367.0,59914.9,57901.2,58073.1,106557.21
2024-08-30 16:00:00,58073.7,59345.8,57525.0,58670.1,69320.59
2024-08-30 20:00:00,58670.0,59283.1,58668.8,59096.3,15016.823
2024-08-31 00:00:00,59096.4,59436.0,59028.0,59199.9,11958.45
2024-08-31 04:00:00,59200.0,59321.8,59044.0,59060.8,8559.326
2024-08-31 08:00:00,59060.8,59153.0,58795.4,59093.1,13321.559
2024-08-31 12:00:00,59093.1,59215.8,58860.0,58983.7,13422.2
2024-08-31 16:00:00,58983.8,59108.3,58700.0,58834.2,13929.987
2024-08-31 20:00:00,58834.3,59107.5,58756.0,58941.9,7675.152
2024-09-01 00:00:00,58941.9,59052.7,58250.0,58501.6,21088.037
2024-09-01 04:00:00,58501.6,58575.7,57728.6,58444.1,36976.487
2024-09-01 08:00:00,58444.1,58469.9,57800.0,58208.0,23778.603
2024-09-01 12:00:00,58208.1,58345.3,57123.0,58184.1,64849.981
2024-09-01 16:00:00,58184.1,58787.2,57834.0,58480.8,31892.443
2024-09-01 20:00:00,58480.8,58626.3,57161.1,57268.1,44324.363
2024-09-02 00:00:00,57268.1,57735.0,57093.0,57708.7,40517.859
2024-09-02 04:00:00,57708.6,57966.9,57316.6,57523.2,22388.633
2024-09-02 08:00:00,57523.3,58639.0,57487.7,58396.0,49492.531
2024-09-02 12:00:00,58395.9,58783.0,58075.0,58508.0,37132.393
2024-09-02 16:00:00,58508.0,58645.4,58267.4,58418.8,15329.088
2024-09-02 20:00:00,58418.8,59412.3,58354.8,59112.1,36357.88
2024-09-03 00:00:00,59112.2,59790.0,59000.0,59087.9,33235.22
2024-09-03 04:00:00,59087.9,59236.7,58838.1,59078.0,21946.896
2024-09-03 08:00:00,59078.0,59174.8,58668.5,59038.6,20272.022
2024-09-03 12:00:00,59038.5,59332.9,57530.1,57695.1,88841.444
2024-09-03 16:00:00,57695.1,58250.0,57560.7,58020.9,42995.514
2024-09-03 20:00:00,58021.0,58217.6,57320.0,57451.9,22905.401
2024-09-04 00:00:00,57452.0,57920.0,55555.0,56632.9,96559.93
2024-09-04 04:00:00,56632.9,56847.2,56107.9,56717.0,36160.82
2024-09-04 08:00:00,56717.1,56871.5,56411.6,56536.2,24166.838
2024-09-04 12:00:00,56536.1,58137.7,56154.0,58096.2,98800.802
2024-09-04 16:00:00,58096.0,58500.0,57615.9,58029.8,53202.151
2024-09-04 20:00:00,58029.8,58371.7,57781.3,57944.8,18092.77
2024-09-05 00:00:00,57944.8,58318.9,56869.4,57104.1,43700.153
2024-09-05 04:00:00,57104.1,57265.0,56500.8,57127.0,36290.493
2024-09-05 08:00:00,57126.9,57217.5,56591.0,56666.1,28862.997
2024-09-05 12:00:00,56666.1,57300.0,55779.1,55947.0,114809.769
2024-09-05 16:00:00,55947.0,56688.9,55760.0,56026.0,46207.195
2024-09-05 20:00:00,56025.2,56232.8,55600.0,56145.7,24832.985
2024-09-06 00:00:00,56145.7,56836.7,55955.1,56553.7,31267.057
2024-09-06 04:00:00,56553.7,56717.8,55250.0,55766.3,48647.469
2024-09-06 08:00:00,55766.3,56244.1,55607.3,55972.1,37288.305
2024-09-06 12:00:00,55972.1,57000.0,53780.9,54022.1,199654.457
2024-09-06 16:00:00,54022.1,54414.0,53235.7,53515.3,95828.271
2024-09-06 20:00:00,53515.3,53938.9,52510.8,53927.7,66377.554
2024-09-07 00:00:00,53927.7,54082.2,53725.0,53789.2,16109.681
2024-09-07 04:00:00,53789.3,54369.7,53780.1,54258.1,26886.448
2024-09-07 08:00:00,54258.0,54472.8,54143.5,54298.9,16932.707
2024-09-07 12:00:00,54299.0,54800.0,54298.9,54746.6,23152.43
2024-09-07 16:00:00,54746.7,54820.2,53969.0,54375.0,26559.311
2024-09-07 20:00:00,54375.1,54415.4,53778.1,54134.9,18046.017
2024-09-08 00:00:00,54134.9,54478.9,53937.0,54371.5,16385.479
2024-09-08 04:00:00,54371.5,54544.8,54232.1,54411.5,13982.548
2024-09-08 08:00:00,54411.5,54700.0,54322.9,54528.6,15369.004
2024-09-08 12:00:00,54528.7,54544.0,53610.0,53663.6,41767.656
2024-09-08 16:00:00,53663.4,54497.4,53596.5,54301.3,25558.946
2024-09-08 20:00:00,54301.3,55300.0,54130.3,54839.6,49014.903
2024-09-09 00:00:00,54839.6,55351.4,54650.2,55084.9,34856.397
2024-09-09 04:00:00,55085.0,55118.3,54557.0,54939.1,25144.536
2024-09-09 08:00:00,54939.0,55549.0,54920.7,55236.8,35621.185
2024-09-09 12:00:00,55236.7,55774.9,54755.0,55360.3,77478.1
2024-09-09 16:00:00,55360.3,57148.6,55319.4,57060.1,89138.154
2024-09-09 20:00:00,57060.1,58153.2,56770.4,57010.0,50855.989
2024-09-10 00:00:00,57010.1,57041.9,56493.0,56500.1,25864.71
2024-09-10 04:00:00,56500.0,57266.6,56361.0,57183.2,28066.767
2024-09-10 08:00:00,57183.2,57366.0,56851.1,57190.1,26303.665
2024-09-10 12:00:00,57190.1,57439.0,56485.0,56561.0,68550.308
2024-09-10 16:00:00,56553.9,58033.2,56525.0,57923.6,58356.336
2024-09-10 20:00:00,57923.9,57945.4,57416.3,57609.1,21175.89
2024-09-11 00:00:00,57609.2,57729.0,56643.0,56793.5,45303.418
2024-09-11 04:00:00,56793.6,56794.9,56050.0,56675.1,42336.08
2024-09-11 08:00:00,56675.1,56850.0,56311.0,56768.9,32736.378
2024-09-11 12:00:00,56768.9,57138.0,55515.2,56676.1,129132.61
2024-09-11 16:00:00,56676.0,57954.4,56618.0,57560.9,74115.014
2024-09-11 20:00:00,57560.9,57648.0,57171.0,57306.0,14607.945
2024-09-12 00:00:00,57305.6,58465.4,57283.1,58197.9,49947.024
2024-09-12 04:00:00,58197.9,58397.5,57810.0,58101.8,24243.847
2024-09-12 08:00:00,58101.7,58317.5,57867.0,58031.7,22402.437
2024-09-12 12:00:00,58031.7,58606.6,57310.0,57472.1,95837.316
2024-09-12 16:00:00,57472.2,58425.7,57454.4,58366.3,46353.896
2024-09-12 20:00:00,58366.3,58366.8,57734.9,58097.0,22665.168
2024-09-13 00:00:00,58097.1,58226.8,57800.8,57827.0,16460.526
2024-09-13 04:00:00,57827.0,58108.8,57708.0,58079.8,16302.311
2024-09-13 08:00:00,58079.7,58321.9,57792.5,57852.6,25215.501
2024-09-13 12:00:00,57852.6,59706.1,57594.0,59623.5,115499.474
2024-09-13 16:00:00,59623.6,59979.2,59278.9,59703.1,61622.677
2024-09-13 20:00:00,59703.1,60597.0,59588.0,60456.2,42329.003
2024-09-14 00:00:00,60456.2,60572.9,60255.4,60290.5,15486.844
2024-09-14 04:00:00,60290.5,60318.8,59866.0,60110.4,17391.535
2024-09-14 08:00:00,60110.3,60130.0,59577.7,59680.0,19441.411
2024-09-14 12:00:00,59680.1,59988.9,59610.0,59840.1,17932.901
2024-09-14 16:00:00,59840.1,59953.0,59360.1,59778.4,20367.115
2024-09-14 20:00:00,59778.4,60135.8,59740.0,59964.0,11960.771
2024-09-15 00:00:00,59963.9,60247.9,59950.0,60130.2,11165.607
2024-09-15 04:00:00,60130.2,60193.6,60047.9,60166.8,7003.375
2024-09-15 08:00:00,60166.7,60178.0,59848.6,59977.0,11882.577
2024-09-15 12:00:00,59977.0,60369.4,59823.0,60304.6,25224.832
2024-09-15 16:00:00,60304.6,60323.1,59663.0,59847.7,29765.693
2024-09-15 20:00:00,59847.7,59910.2,58654.0,59100.5,45482.122
2024-09-16 00:00:00,59100.5,59182.2,58079.7,58546.5,54220.709
2024-09-16 04:00:00,58546.4,58935.0,58279.2,58874.6,26326.722
2024-09-16 08:00:00,58874.6,59159.1,58463.6,58630.0,28655.98
2024-09-16 12:00:00,58630.1,58766.0,57550.0,57860.7,71193.929
2024-09-16 16:00:00,57860.7,58250.0,57446.3,57915.4,48106.279
2024-09-16 20:00:00,57915.5,58397.9,57576.1,58187.0,22195.813
2024-09-17 00:00:00,58187.0,58320.0,57588.8,58035.2,26540.64
2024-09-17 04:00:00,58035.2,58762.0,57993.0,58668.1,23933.192
2024-09-17 08:00:00,58668.1,59274.4,58600.0,59055.1,37558.458
2024-09-17 12:00:00,59055.0,61345.0,58850.0,61103.0,138114.453
2024-09-17 16:00:00,61111.0,61240.6,59600.0,59946.0,66312.487
2024-09-17 20:00:00,59945.9,60398.2,59696.0,60281.0,25982.836
2024-09-18 00:00:00,60281.0,60747.7,59838.0,60490.0,27659.69
2024-09-18 04:00:00,60490.1,60664.9,60166.7,60403.7,18106.577
2024-09-18 08:00:00,60403.6,60403.7,59360.1,59824.6,42775.42
2024-09-18 12:00:00,59824.5,60130.0,59261.9,59400.1,56105.508
2024-09-18 16:00:00,59400.1,61320.7,59138.0,60024.6,158110.08
2024-09-18 20:00:00,60024.6,61765.0,59430.0,61735.3,52972.037
2024-09-19 00:00:00,61735.3,62555.0,61534.0,62086.5,71083.208
2024-09-19 04:00:00,62086.6,62155.0,61779.9,62071.0,23263.94
2024-09-19 08:00:00,62071.0,62697.0,61851.3,62604.5,40249.506
2024-09-19 12:00:00,62604.5,63483.8,62540.3,63129.0,85542.087
2024-09-19 16:00:00,63129.0,63830.1,62905.6,63229.4,56180.057
2024-09-19 20:00:00,63229.4,63229.5,62623.4,62926.9,26063.614
2024-09-20 00:00:00,62926.9,63728.2,62579.2,63723.3,32841.521
2024-09-20 04:00:00,63723.2,64126.7,63363.7,63494.4,52132.864
2024-09-20 08:00:00,63494.5,63673.8,63080.1,63417.1,35056.918
2024-09-20 12:00:00,63417.2,63528.7,62535.0,63120.2,79408.734
2024-09-20 16:00:00,63120.2,63257.6,62320.0,62772.1,41022.336
2024-09-20 20:00:00,62772.0,63280.0,62669.2,63175.7,16710.462
2024-09-21 00:00:00,63175.8,63282.0,62790.0,62865.1,17298.311
2024-09-21 04:00:00,62865.0,63114.6,62714.2,63060.0,12981.75
2024-09-21 08:00:00,63060.1,63120.0,62936.8,63058.0,8566.426
2024-09-21 12:00:00,63058.0,63286.9,62995.2,63146.6,14099.266
2024-09-21 16:00:00,63146.6,63378.8,63054.0,63174.2,12565.693
2024-09-21 20:00:00,63174.1,63546.9,63025.0,63320.6,12736.916
2024-09-22 00:00:00,63320.6,63423.7,62801.2,63088.9,19579.364
2024-09-22 04:00:00,63088.8,63182.4,62808.0,62909.3,10743.317
2024-09-22 08:00:00,62909.2,63010.5,62520.2,62751.4,22546.486
2024-09-22 12:00:00,62751.4,62915.7,62435.0,62624.2,19079.416
2024-09-22 16:00:00,62624.1,63200.0,62443.2,63132.1,22456.101
2024-09-22 20:00:00,63132.2,64000.0,62339.0,63558.4,54725.2
2024-09-23 00:00:00,63558.5,64724.8,62534.4,64320.1,74683.458
2024-09-23 04:00:00,64320.1,64427.9,63356.8,63519.9,35083.345
2024-09-23 08:00:00,63519.9,63668.4,63279.5,63399.0,21731.18
2024-09-23 12:00:00,63398.9,63778.7,63033.9,63589.6,56370.517
2024-09-23 16:00:00,63589.6,63790.0,63077.6,63272.6,28820.318
2024-09-23 20:00:00,63272.7,63467.1,63050.0,63302.0,17654.746
2024-09-24 00:00:00,63302.1,63377.4,62688.2,63097.6,34882.224
2024-09-24 04:00:00,63097.6,63542.9,62913.6,63527.8,18863.348
2024-09-24 08:00:00,63527.7,63925.5,63350.0,63446.3,32217.024
2024-09-24 12:00:00,63446.3,63744.4,62695.0,63128.8,63631.464
2024-09-24 16:00:00,63128.8,64357.7,63056.0,64270.0,49015.976
2024-09-24 20:00:00,64270.0,64666.0,63939.2,64243.1,38377.592
2024-09-25 00:00:00,64243.2,64800.0,63955.9,64422.4,29755.753
2024-09-25 04:00:00,64422.5,64430.0,63612.3,63814.9,25639.113
2024-09-25 08:00:00,63814.9,63888.3,63376.0,63808.1,30911.433
2024-09-25 12:00:00,63808.1,63971.0,63243.2,63470.1,39594.067
2024-09-25 16:00:00,63470.1,63642.4,62963.2,63151.6,37305.727
2024-09-25 20:00:00,63151.0,63533.3,62910.0,63118.4,21744.679
2024-09-26 00:00:00,63118.3,63518.9,62634.4,63482.9,36878.788
2024-09-26 04:00:00,63483.0,63843.1,63311.8,63823.4,22609.118
2024-09-26 08:00:00,63823.4,64500.0,63567.0,64373.0,46849.777
2024-09-26 12:00:00,64372.9,65549.5,64127.1,65200.0,130644.247
2024-09-26 16:00:00,65200.0,65800.0,64656.1,64677.8,56313.884
2024-09-26 20:00:00,64677.8,65214.2,64601.6,65139.2,27890.542
2024-09-27 00:00:00,65139.1,65412.0,64788.0,65338.0,25651.759
2024-09-27 04:00:00,65338.0,65534.6,65071.0,65438.9,26033.49
2024-09-27 08:00:00,65438.8,65968.1,65307.0,65408.2,41461.345
2024-09-27 12:00:00,65408.3,66450.0,65287.6,65974.0,76731.833
2024-09-27 16:00:00,65974.1,66329.0,65477.7,65612.8,43546.194
2024-09-27 20:00:00,65612.9,65950.0,65587.2,65749.6,12979.4
2024-09-28 00:00:00,65749.5,66237.0,65692.3,66041.0,15236.279
2024-09-28 04:00:00,66041.0,66060.1,65706.1,65790.0,12621.823
2024-09-28 08:00:00,65790.0,65790.1,65392.7,65761.5,19888.929
2024-09-28 12:00:00,65761.5,65796.8,65368.1,65593.7,20472.053
2024-09-28 16:00:00,65593.6,65798.7,65460.0,65699.6,9155.286
2024-09-28 20:00:00,65699.7,65980.0,65380.0,65822.6,15399.183
2024-09-29 00:00:00,65822.7,65954.5,65599.8,65781.6,12438.833
2024-09-29 04:00:00,65781.5,65781.6,65400.0,65436.9,12286.502
2024-09-29 08:00:00,65436.9,65702.7,65401.0,65670.4,11851.759
2024-09-29 12:00:00,65670.4,65832.9,65480.0,65720.0,17725.988
2024-09-29 16:00:00,65720.0,65947.4,65623.8,65926.3,12855.578
2024-09-29 20:00:00,65926.2,66059.3,65491.4,65568.1,20973.139
2024-09-30 00:00:00,65568.2,65588.8,64150.0,64539.9,69881.834
2024-09-30 04:00:00,64539.9,64686.0,64300.0,64539.1,24981.714
2024-09-30 08:00:00,64539.0,64552.9,63222.0,63794.4,76458.979
2024-09-30 12:00:00,63794.4,64130.8,63490.2,63535.6,48875.81
2024-09-30 16:00:00,63535.7,63722.4,63036.2,63472.8,45469.704
2024-09-30 20:00:00,63472.9,63845.0,62825.0,63309.1,31180.332
2024-10-01 00:00:00,63309.0,63732.0,63000.0,63707.2,30145.062
2024-10-01 04:00:00,63707.2,64092.6,63627.6,64017.0,23523.665
2024-10-01 08:00:00,64016.9,64075.5,63683.1,63699.9,18586.91
2024-10-01 12:00:00,63700.0,63784.0,61801.6,62613.8,149631.728
2024-10-01 16:00:00,62613.8,62760.0,61100.0,61739.7,126786.01
2024-10-01 20:00:00,61739.8,61750.2,60128.2,60776.8,81144.46
2024-10-02 00:00:00,60776.7,61858.2,60703.3,61718.0,37462.528
2024-10-02 04:00:00,61718.1,61926.7,61325.0,61702.5,27147.209
2024-10-02 08:00:00,61702.5,61888.2,60856.8,61140.8,42121.394
2024-10-02 12:00:00,61140.8,61902.6,60495.0,61833.9,91786.77
2024-10-02 16:00:00,61833.9,62355.0,59934.9,60155.0,93642.638
2024-10-02 20:00:00,60155.0,60972.9,60091.3,60622.6,34841.266
2024-10-03 00:00:00,60622.7,61445.1,60508.7,61434.3,31925.503
2024-10-03 04:00:00,61434.4,61452.6,60789.2,60898.6,24875.301
2024-10-03 08:00:00,60898.5,61047.3,60101.5,60733.0,53727.324
2024-10-03 12:00:00,60732.9,60909.1,59815.0,60606.5,101228.614
2024-10-03 16:00:00,60606.4,61024.1,59888.0,60998.0,55409.577
2024-10-03 20:00:00,60998.0,61073.7,60580.0,60727.2,18970.893
2024-10-04 00:00:00,60727.1,61247.4,60434.1,60928.7,29090.101
2024-10-04 04:00:00,60928.7,61476.1,60896.3,61403.9,21411.632
2024-10-04 08:00:00,61403.9,61616.0,61236.0,61423.0,24727.149
2024-10-04 12:00:00,61423.0,61985.0,60700.5,61843.1,97099.192
2024-10-04 16:00:00,61843.2,62442.8,61611.0,62337.0,46119.924
2024-10-04 20:00:00,62337.2,62457.1,61934.0,62054.4,16347.838
2024-10-05 00:00:00,62054.3,62169.3,61648.0,61835.5,15990.326
2024-10-05 04:00:00,61835.5,62242.4,61790.3,62043.0,11996.567
2024-10-05 08:00:00,62043.0,62298.2,62043.0,62149.1,8605.565
2024-10-05 12:00:00,62149.1,62344.0,62058.9,62131.4,11275.172
2024-10-05 16:00:00,62131.5,62159.4,61740.4,61822.4,15845.23
2024-10-05 20:00:00,61822.4,62076.9,61671.9,62023.1,10617.921
2024-10-06 00:00:00,62023.1,62132.4,61840.5,61852.4,8978.768
2024-10-06 04:00:00,61852.5,61987.7,61778.9,61919.8,6470.994
2024-10-06 08:00:00,61919.8,62139.8,61890.0,62067.1,8955.265
2024-10-06 12:00:00,62067.0,62750.0,62027.0,62690.4,32004.279
2024-10-06 16:00:00,62690.4,62961.5,62511.0,62601.5,20697.883
2024-10-06 20:00:00,62601.4,62888.0,62265.0,62789.3,19306.264
2024-10-07 00:00:00,62789.2,63950.0,62620.1,63494.6,53427.045
2024-10-07 04:00:00,63494.5,63689.8,63281.6,63509.9,19040.589
2024-10-07 08:00:00,63509.9,63680.0,62621.9,63114.1,46007.292
2024-10-07 12:00:00,63114.1,64448.2,62800.0,63620.0,92256.761
2024-10-07 16:00:00,63620.1,63885.0,62700.0,63349.4,46946.801
2024-10-07 20:00:00,63349.4,63379.9,62091.8,62190.7,41270.887
2024-10-08 00:00:00,62190.6,62794.0,62126.3,62602.4,28564.66
2024-10-08 04:00:00,62602.3,62753.3,61941.0,62291.4,35539.487
2024-10-08 08:00:00,62291.4,62637.0,62159.8,62595.7,20264.489
2024-10-08 12:00:00,62595.8,63178.7,61836.0,62259.9,84886.204
2024-10-08 16:00:00,62259.9,62571.8,61843.6,62228.3,42234.458
2024-10-08 20:00:00,62228.5,62544.6,62000.0,62131.7,14787.061
2024-10-09 00:00:00,62131.8,62478.6,61962.8,62365.0,19352.949
2024-10-09 04:00:00,62365.0,62520.9,62164.7,62243.0,14632.884
2024-10-09 08:00:00,62243.0,62261.7,62025.0,62177.8,16509.769
2024-10-09 12:00:00,62177.7,62386.0,61600.1,62285.4,64587.868
2024-10-09 16:00:00,62285.4,62320.0,60800.2,61013.7,60119.581
2024-10-09 20:00:00,61013.6,61092.5,60251.9,60606.4,42099.122
2024-10-10 00:00:00,60606.3,60930.0,60309.0,60838.7,25500.217
2024-10-10 04:00:00,60838.7,61128.1,60782.5,60871.0,15827.297
2024-10-10 08:00:00,60871.1,61297.0,60600.0,61235.9,27636.423
2024-10-10 12:00:00,61235.9,61294.7,60414.0,60769.9,67108.376
2024-10-10 16:00:00,60770.0,61020.0,58900.0,59696.9,99979.096
2024-10-10 20:00:00,59696.9,60295.7,59550.0,60293.2,26896.244
2024-10-11 00:00:00,60293.3,60749.9,60057.8,60572.6,26586.058
2024-10-11 04:00:00,60572.6,60893.4,60541.6,60643.3,19170.546
2024-10-11 08:00:00,60643.2,61228.9,60618.4,61140.0,29003.451
2024-10-11 12:00:00,61140.1,62432.6,61091.8,62218.0,87805.333
2024-10-11 16:00:00,62218.0,63400.0,62080.1,63042.4,75652.829
2024-10-11 20:00:00,63042.3,63144.0,62328.0,62509.0,25472.925
2024-10-12 00:00:00,62509.0,63055.9,62458.0,62537.0,23211.182
2024-10-12 04:00:00,62537.1,62770.0,62537.0,62734.1,10128.848
2024-10-12 08:00:00,62734.0,63248.0,62645.5,62900.3,17567.587
2024-10-12 12:00:00,62900.4,63462.6,62781.0,63124.8,26797.661
2024-10-12 16:00:00,63124.9,63366.8,62862.0,62966.3,16359.048
2024-10-12 20:00:00,62966.2,63345.2,62966.2,63176.0,8720.08
2024-10-13 00:00:00,63176.0,63260.0,62615.4,62686.2,22542.817
2024-10-13 04:00:00,62686.2,62960.0,62675.4,62819.0,9250.078
2024-10-13 08:00:00,62819.0,62938.1,62486.1,62528.5,13355.855
2024-10-13 12:00:00,62528.4,62811.0,62020.0,62195.3,32569.283
2024-10-13 16:00:00,62195.2,62864.8,62141.1,62699.3,33647.995
2024-10-13 20:00:00,62699.2,63118.3,62574.1,62839.8,18330.128
2024-10-14 00:00:00,62839.7,64377.6,62420.0,64281.6,49743.051
2024-10-14 04:00:00,64280.8,64676.7,63752.8,64599.6,63161.449
2024-10-14 08:00:00,64599.5,65221.6,64306.9,64899.4,53429.685
2024-10-14 12:00:00,64899.5,66288.0,64630.0,65850.9,97129.105
2024-10-14 16:00:00,65850.9,66066.0,65520.0,65901.0,41167.572
2024-10-14 20:00:00,65900.9,66533.0,65710.0,66064.9,33620.739
2024-10-15 00:00:00,66064.9,66312.4,65300.0,65382.1,30836.404
2024-10-15 04:00:00,65382.2,65830.0,65200.1,65638.4,27701.846
2024-10-15 08:00:00,65638.4,65838.9,65255.0,65385.3,26501.689
2024-10-15 12:00:00,65385.3,67953.7,64771.7,65994.6,218343.805
2024-10-15 16:00:00,65994.7,67372.9,65952.6,66937.1,78846.996
2024-10-15 20:00:00,66937.0,67136.0,66095.8,67044.1,39774.771
2024-10-16 00:00:00,67044.0,67548.6,66724.2,67064.5,31340.546
2024-10-16 04:00:00,67064.5,67335.9,66732.7,66948.8,24048.074
2024-10-16 08:00:00,66948.8,68400.0,66888.0,67872.3,67489.134
2024-10-16 12:00:00,67872.3,68299.9,67076.0,67726.0,85352.33
2024-10-16 16:00:00,67725.9,68087.9,67447.1,67692.4,30240.739
2024-10-16 20:00:00,67692.4,67945.0,67468.1,67592.0,15682.678
2024-10-17 00:00:00,67592.0,67925.9,67369.3,67570.0,23822.274
2024-10-17 04:00:00,67570.1,67570.1,67054.2,67280.8,27116.955
2024-10-17 08:00:00,67280.8,67516.7,66766.0,66853.6,34930.91
2024-10-17 12:00:00,66853.5,67673.9,66600.0,67561.9,75033.595
2024-10-17 16:00:00,67561.9,67570.0,66682.3,66821.1,42147.009
2024-10-17 20:00:00,66821.1,67473.5,66802.6,67401.5,17222.094
2024-10-18 00:00:00,67401.5,68268.0,67165.0,67532.3,42849.602
2024-10-18 04:00:00,67532.3,68371.0,67520.1,67955.0,35988.833
2024-10-18 08:00:00,67955.1,68044.8,67656.6,67692.7,20054.459
2024-10-18 12:00:00,67692.7,68870.7,67629.0,68710.0,82701.774
2024-10-18 16:00:00,68710.0,69000.0,68338.0,68582.3,44954.462
2024-10-18 20:00:00,68582.3,68669.6,68173.4,68407.8,18752.631
2024-10-19 00:00:00,68407.8,68684.9,68278.8,68428.4,14128.924
2024-10-19 04:00:00,68428.4,68544.6,68270.8,68328.9,9447.218
2024-10-19 08:00:00,68328.9,68456.0,68042.5,68071.6,13259.148
2024-10-19 12:00:00,68071.6,68347.2,68063.5,68206.9,12650.205
2024-10-19 16:00:00,68206.9,68228.9,68000.0,68162.5,9668.409
2024-10-19 20:00:00,68162.5,68401.6,68145.2,68357.1,9478.204
2024-10-20 00:00:00,68357.1,68435.6,68069.8,68161.1,9136.247
2024-10-20 04:00:00,68161.1,68423.0,68151.3,68347.0,10766.222
2024-10-20 08:00:00,68347.0,68498.0,68330.0,68396.3,7315.345
2024-10-20 12:00:00,68396.4,68749.0,68176.7,68605.0,26395.008
2024-10-20 16:00:00,68605.0,68649.0,68384.3,68484.9,9301.881
2024-10-20 20:00:00,68484.9,69425.8,68431.9,69020.1,43024.789
2024-10-21 00:00:00,69020.2,69566.0,68590.0,68938.0,37444.311
2024-10-21 04:00:00,68937.9,69200.0,68468.0,68519.3,26063.349
2024-10-21 08:00:00,68519.3,68675.0,68136.0,68250.9,27692.483
2024-10-21 12:00:00,68250.8,68350.8,66865.9,67354.3,97480.381
2024-10-21 16:00:00,67354.2,67949.0,66920.0,67755.4,45291.764
2024-10-21 20:00:00,67755.6,67928.4,67341.4,67368.8,19465.045
2024-10-22 00:00:00,67368.7,67688.0,66536.5,67390.3,42456.35
2024-10-22 04:00:00,67390.3,67784.9,67278.0,67387.3,17437.114
2024-10-22 08:00:00,67387.2,67524.6,66740.0,67280.6,41352.412
2024-10-22 12:00:00,67280.6,67718.0,66613.0,67266.8,69808.374
2024-10-22 16:00:00,67266.8,67630.0,66902.1,67466.8,29595.381
2024-10-22 20:00:00,67466.2,67825.0,67266.6,67406.4,17869.346
2024-10-23 00:00:00,67406.5,67449.0,66856.7,67057.8,18075.878
2024-10-23 04:00:00,67057.8,67290.0,66779.5,66838.0,18800.014
2024-10-23 08:00:00,66838.0,67046.8,66150.0,66406.1,47764.715
2024-10-23 12:00:00,66406.1,66921.7,65900.0,66201.6,61638.876
2024-10-23 16:00:00,66201.7,66566.0,65222.3,66465.2,80361.232
2024-10-23 20:00:00,66465.3,66806.2,66300.0,66647.2,21574.343
2024-10-24 00:00:00,66647.3,67615.3,66482.0,67192.7,37890.497
2024-10-24 04:00:00,67192.7,67457.0,67050.0,67104.4,17146.619
2024-10-24 08:00:00,67104.5,67327.2,66700.0,67276.3,28291.929
2024-10-24 12:00:00,67276.3,68000.0,67243.3,67672.7,58248.604
2024-10-24 16:00:00,67672.7,68296.0,67329.2,68279.7,35683.92
2024-10-24 20:00:00,68279.7,68842.5,67890.0,68173.8,35079.153
2024-10-25 00:00:00,68173.8,68256.5,67800.0,67983.1,21316.585
2024-10-25 04:00:00,67983.2,68019.3,67222.4,67503.6,30679.87
2024-10-25 08:00:00,67503.6,68158.0,67289.5,68081.6,29234.239
2024-10-25 12:00:00,68081.6,68748.0,67397.1,67660.6,69478.441
2024-10-25 16:00:00,67660.6,67895.5,65950.3,66825.8,130344.496
2024-10-25 20:00:00,66825.7,67376.9,65557.2,66662.8,67458.24
2024-10-26 00:00:00,66662.7,67016.1,66414.1,66885.7,27492.406
2024-10-26 04:00:00,66885.8,67211.2,66730.1,66982.0,14541.648
2024-10-26 08:00:00,66982.0,67250.0,66939.5,67110.1,11608.638
2024-10-26 12:00:00,67110.2,67156.0,66708.0,66864.2,18967.953
2024-10-26 16:00:00,66864.3,67160.0,66760.5,67154.5,10647.402
2024-10-26 20:00:00,67154.4,67450.0,67056.5,67071.8,10911.945
2024-10-27 00:00:00,67071.9,67297.2,66909.4,67261.8,8720.051
2024-10-27 04:00:00,67261.9,67291.8,67081.6,67174.7,5970.87
2024-10-27 08:00:00,67174.7,67246.0,67011.1,67101.1,7730.454
2024-10-27 12:00:00,67101.0,67835.1,67095.0,67759.9,26035.205
2024-10-27 16:00:00,67759.9,67994.2,67513.0,67816.8,16831.536
2024-10-27 20:00:00,67816.8,68306.1,67600.0,67992.6,23180.692
2024-10-28 00:00:00,67992.7,68094.6,67651.0,67698.1,17259.456
2024-10-28 04:00:00,67698.1,68666.0,67584.2,68395.2,31198.17
2024-10-28 08:00:00,68395.3,68820.9,68207.4,68731.1,31556.121
2024-10-28 12:00:00,68731.1,69272.1,68390.6,68459.1,73534.015
2024-10-28 16:00:00,68459.1,69902.4,68424.0,69566.1,71038.675
2024-10-28 20:00:00,69650.0,70331.0,69480.3,69940.0,31542.185
2024-10-29 00:00:00,69939.9,71607.0,69733.0,70927.5,70969.906
2024-10-29 04:00:00,70927.4,71343.9,70803.0,71004.2,27074.597
2024-10-29 08:00:00,71004.1,71580.0,70960.0,71440.1,27038.505
2024-10-29 12:00:00,71440.0,72490.0,70900.0,72374.9,101844.283
2024-10-29 16:00:00,72374.9,73660.0,72328.6,72528.6,111067.51
2024-10-29 20:00:00,72534.6,72999.0,71871.1,72739.5,44507.259
2024-10-30 00:00:00,72739.5,72797.4,72018.0,72249.9,28141.259
2024-10-30 04:00:00,72249.9,72628.5,72112.6,72244.8,18203.431
2024-10-30 08:00:00,72244.8,72620.0,71931.1,71995.0,28224.538
2024-10-30 12:00:00,71994.9,72484.5,71444.2,72058.8,69872.822
2024-10-30 16:00:00,72058.8,72207.1,71655.0,71826.1,25715.669
2024-10-30 20:00:00,71826.0,72984.9,71631.6,72349.0,56951.089
2024-10-31 00:00:00,72349.0,72598.5,72030.5,72359.9,19966.004
2024-10-31 04:00:00,72360.0,72488.9,72144.8,72417.8,12421.816
2024-10-31 08:00:00,72417.8,72720.3,72150.0,72213.3,25593.011
2024-10-31 12:00:00,72213.4,72270.0,70453.1,70638.7,108897.549
2024-10-31 16:00:00,70638.6,70922.4,70050.0,70128.1,54149.039
2024-10-31 20:00:00,70128.0,70669.7,69705.0,70321.9,35457.909
2024-11-01 00:00:00,70321.9,70500.0,68870.4,69397.7,61743.169
2024-11-01 04:00:00,69397.7,69721.8,69100.9,69301.0,21979.496
2024-11-01 08:00:00,69301.0,70248.6,69270.0,70024.8,33299.189
2024-11-01 12:00:00,70024.7,71650.0,69036.0,69381.0,132614.932
2024-11-01 16:00:00,69381.1,70543.3,68822.5,69278.6,82079.073
2024-11-01 20:00:00,69278.6,69634.9,68856.3,69495.5,20875.229
2024-11-02 00:00:00,69495.4,69913.1,69480.8,69599.9,13396.546
2024-11-02 04:00:00,69599.9,69822.5,69450.0,69813.1,9480.066
2024-11-02 08:00:00,69813.0,69846.2,69413.0,69602.5,9919.876
2024-11-02 12:00:00,69602.6,69700.0,69022.8,69394.0,25701.195
2024-11-02 16:00:00,69393.9,69610.9,69221.6,69502.6,11944.529
2024-11-02 20:00:00,69502.5,69570.0,69150.1,69366.6,8871.893
2024-11-03 00:00:00,69366.6,69393.7,67846.0,68367.5,53265.097
2024-11-03 04:00:00,68367.6,68772.8,68287.6,68395.6,20698.181
2024-11-03 08:00:00,68395.5,68605.5,68183.8,68345.4,17859.381
2024-11-03 12:00:00,68345.4,68549.7,67446.6,68076.0,57554.991
2024-11-03 16:00:00,68075.6,68691.4,67660.0,68670.0,43218.091
2024-11-03 20:00:00,68670.0,69348.0,68483.1,68762.5,33881.635
2024-11-04 00:00:00,68762.5,69495.3,68220.0,69034.0,31791.122
2024-11-04 04:00:00,69034.0,69397.2,68600.9,68601.0,21320.158
2024-11-04 08:00:00,68601.0,69029.8,68456.3,68778.0,25361.648
2024-11-04 12:00:00,68778.1,69243.8,68173.3,68614.7,47079.052
2024-11-04 16:00:00,68614.8,68808.6,67205.0,67845.7,66818.212
2024-11-04 20:00:00,67845.6,68093.0,66810.0,67834.3,52541.974
2024-11-05 00:00:00,67834.4,68264.3,67454.2,68226.3,26196.71
2024-11-05 04:00:00,68226.2,68967.0,68200.0,68876.0,24619.45
2024-11-05 08:00:00,68875.9,69100.0,68588.2,68788.4,24112.3
2024-11-05 12:00:00,68788.5,70300.0,68642.1,69615.3,85206.886
2024-11-05 16:00:00,69615.2,70537.4,68650.0,68955.9,72195.636
2024-11-05 20:00:00,68955.9,69875.1,68786.4,69353.1,40739.888
2024-11-06 00:00:00,69353.1,75656.1,69272.7,74367.1,220262.621
2024-11-06 04:00:00,74367.1,75486.4,73112.0,73435.9,150835.366
2024-11-06 08:00:00,73435.8,74488.1,72721.5,74291.6,80333.054
2024-11-06 12:00:00,74291.7,74801.1,73500.0,74289.6,98258.389
2024-11-06 16:00:00,74289.7,75896.5,74134.5,75817.9,72281.048
2024-11-06 20:00:00,75817.9,76420.0,75500.0,75579.9,55469.808
2024-11-07 00:00:00,75579.9,76072.5,75000.0,75062.9,42389.268
2024-11-07 04:00:00,75062.8,75083.0,74450.0,74800.0,33140.462
2024-11-07 08:00:00,74800.0,75195.0,74719.3,74776.9,22641.139
2024-11-07 12:00:00,74776.9,76094.6,74508.0,76081.6,53654.903
2024-11-07 16:00:00,76081.5,76750.4,75577.8,76533.3,85759.805
2024-11-07 20:00:00,76533.2,76900.0,75471.1,75859.4,43089.456
2024-11-08 00:00:00,75859.4,76350.2,75576.3,75900.4,26499.94
2024-11-08 04:00:00,75900.4,76247.0,75696.1,76171.0,20162.471
2024-11-08 08:00:00,76171.0,76350.0,75775.8,75951.9,23054.513
2024-11-08 12:00:00,75952.0,76627.8,75620.1,76423.3,58380.345
2024-11-08 16:00:00,76423.3,77182.9,75820.0,76894.4,72505.49
2024-11-08 20:00:00,76894.4,77080.4,76278.5,76482.2,29767.565
2024-11-09 00:00:00,76482.2,76618.3,76122.4,76330.0,15792.551
2024-11-09 04:00:00,76330.1,76800.0,76285.7,76523.9,18270.772
2024-11-09 08:00:00,76523.9,76735.0,76358.8,76478.6,12472.435
2024-11-09 12:00:00,76478.6,76552.1,76255.0,76305.7,15353.18
2024-11-09 16:00:00,76305.6,76700.0,75683.2,76195.2,35282.838
2024-11-09 20:00:00,76195.2,76920.0,76158.8,76675.1,20582.258
2024-11-10 00:00:00,76675.1,77543.1,76501.1,77204.0,45047.568
2024-11-10 04:00:00,77204.0,79882.8,77133.3,78858.2,112080.688
2024-11-10 08:00:00,78858.2,80178.0,78858.1,79926.7,48780.387
2024-11-10 12:00:00,79926.7,80200.0,79200.0,79735.1,54489.793
2024-11-10 16:00:00,79735.1,81199.0,79386.0,79793.4,75109.372
2024-11-10 20:00:00,79793.4,81699.8,78549.2,80410.0,81919.091
2024-11-11 00:00:00,80409.9,81944.6,80261.2,81662.4,47331.713
2024-11-11 04:00:00,81662.3,81783.5,80467.0,81147.9,38159.913
2024-11-11 08:00:00,81147.8,82431.4,81051.6,82168.7,52573.957
2024-11-11 12:00:00,82168.7,84359.7,81467.5,84114.2,143031.996
2024-11-11 16:00:00,84114.1,86971.0,83897.2,86181.0,158908.501
2024-11-11 20:00:00,86180.9,89800.0,86123.1,88728.9,174135.582
2024-11-12 00:00:00,88729.0,89589.2,86657.4,88145.1,112158.288
2024-11-12 04:00:00,88145.0,90070.1,87769.0,89095.4,82836.942
2024-11-12 08:00:00,89095.5,89590.2,85500.0,87229.5,152590.451
2024-11-12 12:00:00,87229.5,87933.3,85159.9,86659.9,131106.429
2024-11-12 16:00:00,86660.0,89830.0,85792.5,88762.8,98262.57
2024-11-12 20:00:00,88762.9,89920.0,87384.6,87972.0,62526.904
2024-11-13 00:00:00,87972.0,88619.0,87061.6,87198.2,50628.657
2024-11-13 04:00:00,87198.3,87755.0,86180.0,87402.9,52550.607
2024-11-13 08:00:00,87402.9,88154.3,87132.4,87710.7,32402.081
2024-11-13 12:00:00,87710.7,92808.0,87551.0,92608.1,179178.401
2024-11-13 16:00:00,92608.0,93421.1,90005.8,90218.8,144613.188
2024-11-13 20:00:00,90218.8,91233.0,88005.1,90413.3,95915.363
2024-11-14 00:00:00,90413.3,90642.5,89531.7,89988.0,37865.206
2024-11-14 04:00:00,89988.1,90900.0,89095.5,90818.9,35453.645
2024-11-14 08:00:00,90818.9,91726.1,90370.0,91536.7,58116.522
2024-11-14 12:00:00,91536.8,91846.1,87855.0,88000.0,106437.305
2024-11-14 16:00:00,87999.9,89763.9,87555.0,89502.7,59001.492
2024-11-14 20:00:00,89502.6,89502.6,86714.0,87382.7,67747.51
2024-11-15 00:00:00,87382.6,88544.5,87302.4,88253.1,33647.259
2024-11-15 04:00:00,88253.2,88450.0,87111.0,87693.9,30043.698
2024-11-15 08:00:00,87693.9,89831.1,87418.4,89782.9,45281.393
2024-11-15 12:00:00,89783.0,90780.0,87815.0,88485.4,100346.13
2024-11-15 16:00:00,88485.5,90898.0,88428.9,90418.4,60358.503
2024-11-15 20:00:00,90418.5,91921.5,90371.1,91074.6,44754.925
2024-11-16 00:00:00,91074.6,91745.0,90900.0,91286.8,22409.14
2024-11-16 04:00:00,91286.9,91849.8,91107.4,91173.3,15216.836
2024-11-16 08:00:00,91173.3,91650.1,91050.0,91240.1,16860.827
2024-11-16 12:00:00,91240.1,91384.4,90120.0,90578.0,37507.082
2024-11-16 16:00:00,90577.9,91443.5,90250.0,91176.9,22394.018
2024-11-16 20:00:00,91176.9,91253.7,90350.3,90643.3,14635.544
2024-11-17 00:00:00,90643.2,90954.9,89400.1,90294.9,31001.004
2024-11-17 04:00:00,90294.9,90949.9,90194.2,90600.0,19011.425
2024-11-17 08:00:00,90600.0,91539.6,90523.3,90743.4,25814.112
2024-11-17 12:00:00,90743.3,91250.0,89935.7,90305.1,32101.076
2024-11-17 16:00:00,90305.2,90701.0,89713.7,90099.5,25084.894
2024-11-17 20:00:00,90099.6,90276.3,88736.1,89899.9,34492.281
2024-11-18 00:00:00,89900.0,91000.0,89666.9,90728.6,22915.771
2024-11-18 04:00:00,90728.6,92414.9,90502.1,91795.9,38769.822
2024-11-18 08:00:00,91795.9,92338.9,90077.7,90338.7,44082.727
2024-11-18 12:00:00,90338.7,92700.0,89422.1,92407.8,95658.795
2024-11-18 16:00:00,92407.8,92675.9,89706.2,90657.8,78011.62
2024-11-18 20:00:00,90657.7,92084.7,90280.0,90507.4,54118.375
2024-11-19 00:00:00,90507.4,91634.2,90405.6,91499.9,24546.623
2024-11-19 04:00:00,91500.0,92123.7,91292.5,91696.0,23000.398
2024-11-19 08:00:00,91696.1,92029.2,91250.0,91717.6,24939.284
2024-11-19 12:00:00,91717.6,92885.0,91015.6,92453.3,96334.675
2024-11-19 16:00:00,92455.5,93985.9,92105.9,93271.4,79233.61
2024-11-19 20:00:00,93271.6,93633.1,91334.4,92335.9,55477.441
2024-11-20 00:00:00,92335.9,92459.2,91500.0,92072.1,26421.429
2024-11-20 04:00:00,92072.0,92866.6,91882.4,92856.6,21131.099
2024-11-20 08:00:00,92856.6,93712.5,92730.2,93485.1,40106.881
2024-11-20 12:00:00,93485.2,94849.0,93328.6,94737.6,96267.382
2024-11-20 16:00:00,94737.6,94840.0,93093.3,93999.9,78303.055
2024-11-20 20:00:00,93999.9,94626.8,93750.3,94288.0,27814.381
2024-11-21 00:00:00,94288.0,95991.4,94008.7,95790.2,61140.448
2024-11-21 04:00:00,95790.1,97899.9,95790.1,96950.0,83899.747
2024-11-21 08:00:00,96950.0,98438.9,96757.6,98014.0,54909.632
2024-11-21 12:00:00,98014.0,98289.3,95625.0,96684.0,103958.368
2024-11-21 16:00:00,96684.1,99100.0,96311.0,97891.5,76195.107
2024-11-21 20:00:00,97891.5,98767.0,97531.7,98366.8,38279.834
2024-11-22 00:00:00,98366.8,99414.0,97860.1,98888.9,38616.603
2024-11-22 04:00:00,98888.9,99537.6,98550.0,99252.6,32825.662
2024-11-22 08:00:00,99252.6,99340.0,98300.0,98929.9,33443.457
2024-11-22 12:00:00,98930.0,99019.2,97199.9,98696.5,77364.746
2024-11-22 16:00:00,98696.6,99660.0,98264.2,99112.6,54528.558
2024-11-22 20:00:00,99112.6,99500.0,98508.1,98921.4,28995.041
2024-11-23 00:00:00,98921.5,98937.3,98309.9,98702.6,17253.83
2024-11-23 04:00:00,98702.6,98842.8,98314.4,98600.6,14055.072
2024-11-23 08:00:00,98600.5,98666.0,98355.0,98470.8,11785.19
2024-11-23 12:00:00,98470.8,98916.8,98412.8,98426.0,19215.669
2024-11-23 16:00:00,98426.1,98504.4,97368.0,97562.4,40309.275
2024-11-23 20:00:00,97562.5,98088.4,97173.5,97725.5,17739.386
2024-11-24 00:00:00,97725.6,98666.0,97670.9,98260.8,17187.628
2024-11-24 04:00:00,98260.9,98490.8,97947.4,98490.1,12556.249
2024-11-24 08:00:00,98490.1,98578.9,97286.0,97337.6,20554.068
2024-11-24 12:00:00,97337.6,97680.0,95976.0,95986.4,60350.265
2024-11-24 16:00:00,95986.3,96846.4,95822.1,96396.8,32601.995
2024-11-24 20:00:00,96396.8,98429.7,96265.1,97960.4,29868.635
2024-11-25 00:00:00,97960.5,98106.9,96929.9,97935.9,22932.841
2024-11-25 04:00:00,97935.8,98421.6,97600.0,98112.9,20355.41
2024-11-25 08:00:00,98113.0,98999.0,97911.1,98268.0,32738.055
2024-11-25 12:00:00,98268.1,98390.0,94665.4,96040.4,112741.637
2024-11-25 16:00:00,96040.4,96562.7,94467.4,94723.6,64872.212
2024-11-25 20:00:00,94723.7,95366.8,92666.0,93064.0,75734.866
2024-11-26 00:00:00,93064.0,94981.8,92800.1,94537.8,39545.582
2024-11-26 04:00:00,94537.7,95064.0,93533.9,93842.1,24648.316
2024-11-26 08:00:00,93842.1,93846.1,91553.0,92420.0,90231.256
2024-11-26 12:00:00,92420.0,93639.5,91809.9,92877.4,73826.177
2024-11-26 16:00:00,92877.4,94745.2,91650.6,91760.0,67285.049
2024-11-26 20:00:00,91760.0,92443.2,90866.4,92021.4,49392.853
2024-11-27 00:00:00,92021.5,93133.0,91864.0,92645.3,30203.735
2024-11-27 04:00:00,92645.2,93721.8,92413.2,93651.3,23144.634
2024-11-27 08:00:00,93651.3,93939.0,93167.2,93423.8,21517.494
2024-11-27 12:00:00,93423.8,95908.0,92903.4,95610.5,67850.746
2024-11-27 16:00:00,95610.4,96687.4,95238.7,96670.0,54604.299
2024-11-27 20:00:00,96670.1,97250.0,95776.6,95905.2,39685.079
2024-11-28 00:00:00,95905.2,96627.6,94878.2,95523.1,30725.546
2024-11-28 04:00:00,95523.1,95985.1,95135.8,95371.6,21039.487
2024-11-28 08:00:00,95371.5,95862.0,94700.1,95509.9,28019.076
2024-11-28 12:00:00,95509.9,96284.0,94950.0,95067.3,35794.858
2024-11-28 16:00:00,95067.3,95521.5,94863.8,95196.3,18747.366
2024-11-28 20:00:00,95196.4,96082.7,94768.0,95694.4,19680.693
2024-11-29 00:00:00,95694.4,96932.9,95404.5,96646.4,24959.608
2024-11-29 04:00:00,96646.5,96684.4,95669.4,95690.2,19223.755
2024-11-29 08:00:00,95690.2,97437.1,95690.1,97302.2,30200.689
2024-11-29 12:00:00,97302.2,98713.3,96822.0,98076.2,60395.647
2024-11-29 16:00:00,98076.3,98514.9,96903.2,97380.0,41569.331
2024-11-29 20:00:00,97380.0,97687.4,97036.9,97516.3,14171.919
2024-11-30 00:00:00,97516.2,97522.1,96400.0,96708.1,23965.592
2024-11-30 04:00:00,96708.1,97300.0,96599.8,96843.3,19485.822
2024-11-30 08:00:00,96843.3,97047.2,96150.0,96321.3,16897.44
2024-11-30 12:00:00,96321.3,96800.0,96300.0,96707.4,11979.631
2024-11-30 16:00:00,96707.4,97128.4,96581.9,97072.5,10495.275
2024-11-30 20:00:00,97072.6,97109.1,96380.0,96475.1,10250.458
2024-12-01 00:00:00,96475.2,96746.3,95736.5,96404.0,26132.18
2024-12-01 04:00:00,96404.0,96585.0,96249.1,96525.4,9153.515
2024-12-01 08:00:00,96525.4,97250.0,96480.0,97163.7,21533.374
2024-12-01 12:00:00,97163.7,97481.3,96705.3,97081.4,20941.01
2024-12-01 16:00:00,97081.5,97632.8,97029.5,97242.0,15616.016
2024-12-01 20:00:00,97242.1,97933.0,96852.7,97265.1,19846.895
2024-12-02 00:00:00,97265.0,98266.0,96402.5,96549.8,29835.063
2024-12-02 04:00:00,96549.9,97000.0,95788.4,96053.6,39372.545
2024-12-02 08:00:00,96053.5,96177.9,94887.0,95191.3,43471.871
2024-12-02 12:00:00,95191.4,97286.2,94826.0,97106.5,60495.623
2024-12-02 16:00:00,97106.6,97435.0,94400.0,95873.9,63080.969
2024-12-02 20:00:00,95873.9,96389.9,95171.5,95890.5,21357.84
2024-12-03 00:00:00,95890.6,96375.0,95463.6,96136.8,18629.132
2024-12-03 04:00:00,96136.8,96324.9,95336.3,95608.8,17487.71
2024-12-03 08:00:00,95608.8,95739.8,94661.3,95045.8,25645.596
2024-12-03 12:00:00,95045.9,96315.5,93605.0,95743.7,85647.457
2024-12-03 16:00:00,95744.7,96236.3,94925.8,95512.7,38288.732
2024-12-03 20:00:00,95512.6,96200.0,95337.2,95913.3,20903.353
2024-12-04 00:00:00,95913.3,96740.0,95271.6,95852.0,27822.359
2024-12-04 04:00:00,95852.1,96799.9,95783.5,96652.1,18405.832
2024-12-04 08:00:00,96652.2,97041.1,96239.7,96270.0,20925.907
2024-12-04 12:00:00,96270.1,96634.6,95398.1,95813.0,54479.082
2024-12-04 16:00:00,95813.0,97310.3,94650.8,97283.4,67941.454
2024-12-04 20:00:00,97283.4,99099.9,97189.3,98669.8,86374.571
2024-12-05 00:00:00,98669.8,104630.4,97970.5,103084.8,155798.412
2024-12-05 04:00:00,103084.7,103696.7,101359.8,102292.1,69178.653
2024-12-05 08:00:00,102292.1,103228.9,102290.3,102668.2,31253.697
2024-12-05 12:00:00,102668.2,103661.7,100932.6,101350.1,82540.521
2024-12-05 16:00:00,101350.1,102063.8,98704.6,99111.6,78445.371
2024-12-05 20:00:00,99111.5,99542.9,90200.0,97001.5,163060.737
2024-12-06 00:00:00,97001.6,98858.6,96429.5,97802.7,54871.518
2024-12-06 04:00:00,97802.7,98356.6,97422.8,98209.6,23490.73
2024-12-06 08:00:00,98209.7,98765.4,97705.2,98127.4,34097.618
2024-12-06 12:00:00,98127.4,99592.1,97550.0,99358.5,67051.277
2024-12-06 16:00:00,99358.5,101900.0,98800.0,101532.6,67789.279
2024-12-06 20:00:00,101532.6,101988.8,99111.0,99802.5,35069.186
2024-12-07 00:00:00,99802.5,100499.0,99361.0,99383.0,19615.533
2024-12-07 04:00:00,99383.0,99741.0,98876.9,99442.6,21001.06
2024-12-07 08:00:00,99442.6,99895.3,99314.8,99660.4,12084.542
2024-12-07 12:00:00,99660.3,99890.0,99101.7,99811.4,15668.723
2024-12-07 16:00:00,99811.5,100336.8,99528.0,100140.6,15477.404
2024-12-07 20:00:00,100140.7,100497.5,99655.0,99899.2,12011.396
2024-12-08 00:00:00,99899.2,100415.0,99686.4,99996.7,10362.305
2024-12-08 04:00:00,99996.7,100100.0,99388.5,99741.5,11720.725
2024-12-08 08:00:00,99741.6,99898.0,98709.4,99755.3,24081.257
2024-12-08 12:00:00,99755.2,100597.5,99409.3,99975.0,29860.114
2024-12-08 16:00:00,99974.9,100272.2,99538.4,100182.3,14904.59
2024-12-08 20:00:00,100182.4,101457.9,99800.0,101200.0,18826.685
2024-12-09 00:00:00,101200.1,101300.0,98500.1,99180.0,41149.178
2024-12-09 04:00:00,99179.9,99798.1,98374.3,99637.1,29272.885
2024-12-09 08:00:00,99637.2,99757.5,98112.0,98157.4,37959.165
2024-12-09 12:00:00,98157.5,100481.3,97555.0,97856.0,78567.275
2024-12-09 16:00:00,97856.1,98448.5,97029.5,97126.8,42609.82
2024-12-09 20:00:00,97126.8,97627.3,94039.7,97349.1,97415.267
2024-12-10 00:00:00,97349.1,98197.8,95591.9,96958.0,47046.703
2024-12-10 04:00:00,96957.9,97540.8,95923.8,97217.7,28323.888
2024-12-10 08:00:00,97217.7,97948.0,96961.1,97745.8,20244.349
2024-12-10 12:00:00,97745.7,98320.6,95639.5,95687.9,69046.59
2024-12-10 16:00:00,95674.8,96566.8,94265.5,95862.9,98509.952
2024-12-10 20:00:00,95862.9,97238.9,95621.1,96602.4,28319.262
2024-12-11 00:00:00,96602.3,97643.0,95650.0,97406.8,37997.227
2024-12-11 04:00:00,97406.9,97800.0,97185.7,97337.9,14407.389
2024-12-11 08:00:00,97337.9,98499.9,97310.6,98289.7,24609.143
2024-12-11 12:00:00,98289.7,100798.6,98047.5,100352.7,66071.763
2024-12-11 16:00:00,100352.7,101136.6,99583.4,101094.1,50125.706
2024-12-11 20:00:00,101094.2,101880.0,100844.6,101115.3,28596.477
2024-12-12 00:00:00,101115.3,101812.3,100309.8,101000.0,27234.965
2024-12-12 04:00:00,101000.0,101162.1,100359.6,100481.6,17652.59
2024-12-12 08:00:00,100481.5,101122.4,100150.0,100339.8,20809.1
2024-12-12 12:00:00,100339.8,101850.0,100336.3,101775.1,56891.436
2024-12-12 16:00:00,101775.1,102538.4,99280.2,99455.1,64519.39
2024-12-12 20:00:00,99455.1,100461.5,99428.6,99982.4,28111.594
2024-12-13 00:00:00,99982.3,100333.0,99149.6,99690.6,21321.108
2024-12-13 04:00:00,99690.6,100215.0,99446.4,100100.0,15814.867
2024-12-13 08:00:00,100099.9,100770.0,99863.5,100331.3,17660.896
2024-12-13 12:00:00,100331.3,101339.0,99653.6,99831.0,38171.736
2024-12-13 16:00:00,99831.0,101869.5,99750.0,101416.0,45302.268
2024-12-13 20:00:00,101416.1,101822.4,101028.7,101371.9,14166.443
2024-12-14 00:00:00,101371.9,102638.0,101106.1,102040.7,30294.884
2024-12-14 04:00:00,102040.7,102113.6,101557.8,101787.0,12566.304
2024-12-14 08:00:00,101787.0,101840.2,101298.4,101562.7,9813.394
2024-12-14 12:00:00,101562.6,101729.2,100777.0,101601.9,26386.649
2024-12-14 16:00:00,101601.9,101716.3,100806.0,101293.0,17681.995
2024-12-14 20:00:00,101293.1,101450.0,100559.8,101381.0,10937.323
2024-12-15 00:00:00,101381.0,102165.4,101200.1,101700.1,15592.176
2024-12-15 04:00:00,101700.0,102900.0,101460.8,101671.9,27541.411
2024-12-15 08:00:00,101671.8,102666.0,101525.2,102623.1,15406.991
2024-12-15 12:00:00,102623.0,103362.3,102438.0,102668.5,31971.916
2024-12-15 16:00:00,102668.5,103498.9,102556.3,103227.7,18789.402
2024-12-15 20:00:00,103227.8,105374.6,102592.4,104460.4,48432.02
2024-12-16 00:00:00,104460.5,106665.8,104245.2,104560.0,62637.778
2024-12-16 04:00:00,104560.0,105390.0,104439.3,104949.9,18270.625
2024-12-16 08:00:00,104950.0,104991.7,103585.2,103717.8,24163.793
2024-12-16 12:00:00,103717.9,106466.9,103264.6,106281.2,72852.537
2024-12-16 16:00:00,106281.1,107777.0,105769.0,106546.0,71322.401
2024-12-16 20:00:00,106546.1,106618.2,105424.0,106023.2,25148.622
2024-12-17 00:00:00,106023.2,106980.0,105623.0,106824.4,21309.575
2024-12-17 04:00:00,106824.4,107113.9,106331.6,106784.0,16950.593
2024-12-17 08:00:00,106784.0,107493.9,106671.7,106777.2,21219.982
2024-12-17 12:00:00,106777.1,108366.8,105674.0,106429.9,71086.715
2024-12-17 16:00:00,106429.9,107596.0,106104.6,106450.5,40303.166
2024-12-17 20:00:00,106450.4,106877.3,105252.0,106074.6,26903.881
2024-12-18 00:00:00,106074.6,106484.6,104527.6,104716.8,36652.409
2024-12-18 04:00:00,104716.8,104716.9,103065.6,104200.1,46474.659
2024-12-18 08:00:00,104200.1,104993.7,103683.9,104978.6,21989.201
2024-12-18 12:00:00,104978.6,105343.8,103611.7,104395.1,45761.763
2024-12-18 16:00:00,104395.2,104959.4,102777.1,102782.1,60569.29
2024-12-18 20:00:00,102781.8,102954.8,99951.1,100181.1,117134.613
2024-12-19 00:00:00,100181.2,101305.1,98744.0,101163.3,68598.754
2024-12-19 04:00:00,101163.4,101694.9,100613.2,101615.2,19507.702
2024-12-19 08:00:00,101615.1,102600.0,101338.8,102419.9,23149.224
2024-12-19 12:00:00,102420.0,102756.7,99455.0,100631.1,75610.02
2024-12-19 16:00:00,100631.1,101162.5,96233.7,97172.1,121737.036
2024-12-19 20:00:00,97172.2,98391.4,95681.2,97434.4,64365.727
2024-12-20 00:00:00,97434.3,97795.5,95946.9,97083.2,42560.281
2024-12-20 04:00:00,97083.2,98243.0,96350.1,97826.1,44423.807
2024-12-20 08:00:00,97826.1,97867.5,92613.7,92715.1,108658.87
2024-12-20 12:00:00,92715.1,97555.0,92272.6,96961.3,115205.819
2024-12-20 16:00:00,96961.4,97721.0,96254.0,97079.6,53735.933
2024-12-20 20:00:00,97079.6,97777.0,95393.8,97764.4,31604.085
2024-12-21 00:00:00,97764.5,97773.1,97142.0,97444.9,16567.071
2024-12-21 04:00:00,97444.9,99485.0,97330.0,98988.1,32678.501
2024-12-21 08:00:00,98988.0,99137.5,97757.8,98225.3,25724.796
2024-12-21 12:00:00,98225.4,98253.5,96375.0,97486.5,42516.701
2024-12-21 16:00:00,97486.6,97695.0,96800.0,97242.2,22571.885
2024-12-21 20:00:00,97242.3,98084.9,96520.0,97261.8,21199.526
2024-12-22 00:00:00,97261.7,97437.9,96532.0,96965.1,16009.718
2024-12-22 04:00:00,96965.1,97057.0,95867.3,96192.1,22249.568
2024-12-22 08:00:00,96192.1,97322.1,96172.1,97054.8,16254.938
2024-12-22 12:00:00,97054.7,97266.6,95085.0,95341.0,35517.211
2024-12-22 16:00:00,95341.0,96426.7,94642.4,94795.4,27681.696
2024-12-22 20:00:00,94795.4,95787.7,94200.0,95153.5,30401.604
2024-12-23 00:00:00,95153.4,96019.8,93655.3,95989.9,43781.728
2024-12-23 04:00:00,95989.8,96488.8,94639.5,95360.5,28583.122
2024-12-23 08:00:00,95360.5,96499.0,94974.2,95899.4,21634.571
2024-12-23 12:00:00,95899.4,96377.2,93060.3,93217.6,63342.199
2024-12-23 16:00:00,93217.7,94249.3,92634.7,92997.7,49457.666
2024-12-23 20:00:00,92997.7,95480.4,92464.4,94861.1,40412.569
2024-12-24 00:00:00,94861.0,94861.1,93525.6,94330.1,24731.379
2024-12-24 04:00:00,94330.1,94638.6,93774.4,94200.0,14943.809
2024-12-24 08:00:00,94199.9,94618.0,93800.0,94369.0,14932.806
2024-12-24 12:00:00,94368.3,98274.9,94039.8,98243.5,66173.325
2024-12-24 16:00:00,98243.5,99450.0,97522.5,97558.5,60647.937
2024-12-24 20:00:00,97558.4,99074.8,97226.2,98627.2,30181.376
2024-12-25 00:00:00,98626.9,98848.4,97681.3,98000.0,16945.268
2024-12-25 04:00:00,98000.1,98539.5,97807.5,98049.7,11793.716
2024-12-25 08:00:00,98049.8,99323.3,97709.9,97889.3,28204.972
2024-12-25 12:00:00,97888.4,98797.9,97570.0,98493.3,27000.386
2024-12-25 16:00:00,98493.3,99258.0,98100.0,98981.3,16271.137
2024-12-25 20:00:00,98981.3,99580.7,98331.5,99379.7,24481.413
2024-12-26 00:00:00,99379.6,99950.0,98400.1,98957.7,30003.867
2024-12-26 04:00:00,98957.7,98957.7,97647.2,97669.6,20353.109
2024-12-26 08:00:00,97669.5,97721.8,95153.0,95662.7,61946.222
2024-12-26 12:00:00,95662.6,96227.4,95200.1,95993.5,37273.37
2024-12-26 16:00:00,95993.1,96580.0,95400.0,96064.8,28521.113
2024-12-26 20:00:00,96064.8,96079.9,95276.4,95751.0,16759.97
2024-12-27 00:00:00,95750.9,96419.0,95350.1,96377.8,24193.173
2024-12-27 04:00:00,96377.8,96580.0,94620.0,95074.4,33137.794
2024-12-27 08:00:00,95080.1,97564.5,95080.1,96900.3,47936.629
2024-12-27 12:00:00,96900.3,96999.0,93982.4,94539.9,46582.934
2024-12-27 16:00:00,94539.9,94979.9,93440.0,94720.3,38793.661
2024-12-27 20:00:00,94720.2,94794.0,94094.0,94258.9,15364.052
2024-12-28 00:00:00,94258.9,94687.6,94100.0,94550.6,9504.565
2024-12-28 04:00:00,94550.6,94762.3,94256.9,94334.7,7504.281
2024-12-28 08:00:00,94334.6,94850.0,94261.7,94711.3,8716.735
2024-12-28 12:00:00,94711.3,95346.1,94320.0,94407.7,20174.431
2024-12-28 16:00:00,94407.8,95197.3,94356.5,94993.8,12257.034
2024-12-28 20:00:00,94993.7,95700.0,94836.0,95259.1,9834.303
2024-12-29 00:00:00,95259.1,95300.0,94761.0,95135.3,8086.524
2024-12-29 04:00:00,95135.3,95250.0,94930.0,95233.2,4847.215
2024-12-29 08:00:00,95233.3,95286.4,94968.4,94986.1,5718.538
2024-12-29 12:00:00,94986.2,95195.0,93925.4,94468.4,25557.782
2024-12-29 16:00:00,94468.3,94537.7,93333.0,93559.6,26206.812
2024-12-29 20:00:00,93559.5,93892.5,92961.8,93700.0,24631.063
2024-12-30 00:00:00,93699.9,94240.0,93326.0,93681.1,19319.653
2024-12-30 04:00:00,93680.8,94048.9,93181.8,93688.9,16272.993
2024-12-30 08:00:00,93688.9,94053.5,93433.0,93900.1,14170.338
2024-12-30 12:00:00,93900.1,94249.9,91510.0,92081.5,70350.035
2024-12-30 16:00:00,92081.5,94668.5,91758.3,94400.0,56405.037
2024-12-30 20:00:00,94400.1,95031.6,91850.0,92759.3,45825.537
2024-12-31 00:00:00,92759.3,92875.4,92000.0,92481.5,16941.843
2024-12-31 04:00:00,92481.5,93000.0,92315.4,92819.6,11095.688
2024-12-31 08:00:00,92819.5,94738.4,92800.0,94202.5,36509.765
2024-12-31 12:00:00,94202.4,96254.3,94202.4,95389.4,58306.271
2024-12-31 16:00:00,95389.3,95569.6,93145.1,94155.8,41481.273
2024-12-31 20:00:00,94155.8,94218.3,93343.4,93548.9,14313.276
2025-01-01 00:00:00,93548.8,94449.2,93460.2,93810.0,13962.019
2025-01-01 04:00:00,93810.0,93914.7,93502.0,93660.7,7852.483
2025-01-01 08:00:00,93660.7,93735.2,92796.5,93420.1,19004.988
2025-01-01 12:00:00,93420.1,94489.5,93375.0,94409.9,22127.069
2025-01-01 16:00:00,94409.9,94823.2,93729.2,94612.1,14907.698
2025-01-01 20:00:00,94612.1,95161.2,94522.1,94580.9,13382.403
2025-01-02 00:00:00,94580.9,95523.5,94357.4,95000.0,22798.717
2025-01-02 04:00:00,95000.0,96031.4,94971.3,95815.3,20140.275
2025-01-02 08:00:00,95815.4,96870.9,95612.5,96715.4,25249.289
2025-01-02 12:00:00,96715.4,97440.0,95910.8,96428.5,52717.632
2025-01-02 16:00:00,96428.5,97777.0,96018.7,97292.7,44624.753
2025-01-02 20:00:00,97292.7,97822.4,96642.7,96967.5,16114.829
2025-01-03 00:00:00,96967.6,97325.7,96622.0,97019.1,11388.626
2025-01-03 04:00:00,97019.1,97034.9,96236.6,96275.0,14493.689
2025-01-03 08:00:00,96275.1,96788.0,96061.5,96710.5,16109.732
2025-01-03 12:00:00,96710.4,97637.7,96422.5,97479.5,33904.407
2025-01-03 16:00:00,97479.6,98949.0,97353.6,98545.5,36541.023
2025-01-03 20:00:00,98545.6,98705.0,98028.5,98145.7,12783.197
2025-01-04 00:00:00,98145.7,98272.6,97762.1,98149.4,11796.611
2025-01-04 04:00:00,98149.3,98300.0,97830.0,98244.2,7743.12
2025-01-04 08:00:00,98244.2,98300.0,97438.2,97831.8,14626.729
2025-01-04 12:00:00,97831.8,98117.6,97472.0,97623.6,15225.112
2025-01-04 16:00:00,97623.5,98334.6,97535.7,98120.3,9987.065
2025-01-04 20:00:00,98120.4,98760.9,98076.4,98173.2,12535.997
2025-01-05 00:00:00,98173.2,98349.8,98001.1,98160.1,5656.739
2025-01-05 04:00:00,98160.0,98496.3,98160.0,98225.3,7364.236
2025-01-05 08:00:00,98225.3,98225.4,97533.6,97609.5,13194.206
2025-01-05 12:00:00,97609.5,98248.5,97227.0,97986.6,19204.699
2025-01-05 16:00:00,97987.1,98297.3,97530.0,98050.0,12523.264
2025-01-05 20:00:00,98050.0,98852.6,97986.3,98340.2,17006.145
2025-01-06 00:00:00,98340.2,99278.0,97872.6,99005.0,26621.424
2025-01-06 04:00:00,99005.0,99886.7,99005.0,99280.0,25842.394
2025-01-06 08:00:00,99280.0,99600.0,98662.7,99219.3,21919.386
2025-01-06 12:00:00,99219.2,102443.9,98670.0,102104.5,78806.424
2025-01-06 16:00:00,102104.5,102444.0,101223.0,101771.7,38386.837
2025-01-06 20:00:00,101771.7,102298.8,101551.2,102180.4,15916.864
2025-01-07 00:00:00,102180.5,102762.1,101459.4,101661.3,18124.335
2025-01-07 04:00:00,101661.4,101986.1,101528.8,101649.3,9587.694
2025-01-07 08:00:00,101649.3,101973.1,100435.4,100787.0,27244.306
2025-01-07 12:00:00,100787.0,100914.2,97100.0,97915.3,102572.629
2025-01-07 16:00:00,97915.4,98307.9,96295.9,96433.3,68434.86
2025-01-07 20:00:00,96433.3,97185.8,96153.0,96920.3,32747.485
2025-01-08 00:00:00,96920.2,97242.2,96200.0,96504.1,22590.19
2025-01-08 04:00:00,96504.1,96616.3,95222.0,95628.4,38378.445
2025-01-08 08:00:00,95628.3,96100.0,94480.7,95093.9,33435.244
2025-01-08 12:00:00,95093.8,96064.5,94588.9,95450.0,55769.475
2025-01-08 16:00:00,95449.9,95456.2,92500.0,94217.2,87321.554
2025-01-08 20:00:00,94217.1,95265.8,93509.8,95014.1,24517.205
2025-01-09 00:00:00,95014.0,95358.7,93405.3,93985.0,32781.223
2025-01-09 04:00:00,93985.0,94582.0,93156.0,93176.4,23080.953
2025-01-09 08:00:00,93176.5,93832.8,92700.0,93414.4,35074.143
2025-01-09 12:00:00,93414.3,94547.7,91747.0,94195.2,67736.15
2025-01-09 16:00:00,94195.1,94644.8,91853.0,91858.3,54387.438
2025-01-09 20:00:00,91858.2,92674.9,91055.8,92505.9,44700.995
2025-01-10 00:00:00,92506.0,93682.8,92395.9,93654.9,20708.684
2025-01-10 04:00:00,93655.0,94975.2,93450.8,94457.0,26429.005
2025-01-10 08:00:00,94457.0,95239.9,94344.5,95030.5,24667.579
2025-01-10 12:00:00,95030.5,95078.0,92173.6,93704.0,110225.73
2025-01-10 16:00:00,93704.0,95882.5,93151.5,95275.9,64309.711
2025-01-10 20:00:00,95276.0,95412.3,94531.4,94675.5,15602.245
2025-01-11 00:00:00,94675.6,94700.0,94060.8,94168.3,10624.496
2025-01-11 04:00:00,94168.3,94394.3,93802.1,94210.3,9858.079
2025-01-11 08:00:00,94210.2,94757.9,94000.0,94570.4,11530.321
2025-01-11 12:00:00,94570.4,94613.6,94262.1,94365.8,8787.678
2025-01-11 16:00:00,94365.9,94680.3,93943.0,94206.5,12137.832
2025-01-11 20:00:00,94206.5,94988.0,94150.9,94562.5,11723.357
2025-01-12 00:00:00,94562.4,94665.7,94260.0,94586.0,6125.373
2025-01-12 04:00:00,94586.0,94614.5,94227.2,94291.3,4831.221
2025-01-12 08:00:00,94291.2,94359.5,93661.1,94209.0,15455.056
2025-01-12 12:00:00,94209.0,95444.0,94128.0,95035.6,21151.098
2025-01-12 16:00:00,95035.7,95278.0,94527.8,94625.1,11349.438
2025-01-12 20:00:00,94625.0,94777.2,93727.4,94499.9,18385.947
2025-01-13 00:00:00,94499.9,95934.5,93852.0,94215.4,39756.953
2025-01-13 04:00:00,94215.4,94878.0,93222.2,93557.9,29936.963
2025-01-13 08:00:00,93557.9,93626.1,90809.8,90827.5,69147.558
2025-01-13 12:00:00,90827.5,93055.0,88909.0,92093.6,127451.604
2025-01-13 16:00:00,92093.7,92501.5,91207.8,92274.8,54692.581
2025-01-13 20:00:00,92274.9,94681.1,91869.3,94485.3,40164.831
2025-01-14 00:00:00,94485.4,95260.0,94305.4,94821.2,22691.711
2025-01-14 04:00:00,94821.3,95437.8,94710.0,94823.3,16022.964
2025-01-14 08:00:00,94823.4,97353.9,94823.3,96508.4,55743.583
2025-01-14 12:00:00,96508.3,97250.0,95715.8,96416.7,59887.331
2025-01-14 16:00:00,96416.8,97044.8,95309.9,96496.5,43657.669
2025-01-14 20:00:00,96496.5,96882.8,96100.1,96514.9,14856.403
2025-01-15 00:00:00,96514.9,97530.2,96450.2,97288.7,26432.753
2025-01-15 04:00:00,97288.8,97688.0,96689.2,97253.7,22265.926
2025-01-15 08:00:00,97253.7,97488.0,96480.0,96725.4,20975.23
2025-01-15 12:00:00,96725.5,99746.6,96500.0,98943.4,85483.105
2025-01-15 16:00:00,98943.3,100038.1,98550.1,99807.4,34322.161
2025-01-15 20:00:00,99807.4,100658.9,99410.3,100460.0,32938.391
2025-01-16 00:00:00,100460.0,100850.0,99106.8,99438.8,28294.304
2025-01-16 04:00:00,99438.9,99869.2,99284.2,99756.5,12552.843
2025-01-16 08:00:00,99756.5,99787.8,98557.8,99107.1,34575.941
2025-01-16 12:00:00,99107.1,99479.7,97293.6,99258.3,68005.563
2025-01-16 16:00:00,99258.2,100426.0,99023.9,100382.0,46977.234
2025-01-16 20:00:00,100382.0,100599.8,99326.3,99937.4,26396.635
2025-01-17 00:00:00,99937.4,102133.7,99902.0,101005.1,45074.023
2025-01-17 04:00:00,101005.2,101845.6,100900.0,101406.9,16966.096
2025-01-17 08:00:00,101406.9,102568.8,101400.0,102181.6,30304.328
2025-01-17 12:00:00,102181.6,104198.9,102137.1,103946.2,68462.094
2025-01-17 16:00:00,103946.3,105784.0,103772.6,105770.9,59774.108
2025-01-17 20:00:00,105771.0,105783.9,104024.8,104042.5,28869.32
2025-01-18 00:00:00,104042.6,104620.0,103001.1,103531.1,21840.674
2025-01-18 04:00:00,103531.2,103746.7,102561.0,102781.0,37862.007
2025-01-18 08:00:00,102781.1,103855.0,102242.8,103547.0,31937.663
2025-01-18 12:00:00,103547.0,104962.1,103086.5,104517.1,32980.549
2025-01-18 16:00:00,104517.1,104681.7,103110.0,104349.9,30255.347
2025-01-18 20:00:00,104349.9,104744.3,103750.0,104524.3,13063.852
2025-01-19 00:00:00,104524.3,105439.0,103980.0,104958.3,20810.853
2025-01-19 04:00:00,104958.2,105629.4,104214.6,105151.8,24589.2
2025-01-19 08:00:00,105151.8,105458.4,103458.6,104353.8,48225.235
2025-01-19 12:00:00,104353.8,105743.1,104285.7,104936.0,36699.724
2025-01-19 16:00:00,104936.0,106259.8,104520.0,106247.9,21082.5
2025-01-19 20:00:00,106247.9,106450.0,99600.0,101311.5,129541.666
2025-01-20 00:00:00,101311.5,102300.0,99501.0,101874.5,78880.347
2025-01-20 04:00:00,101873.8,110000.0,101519.5,107178.8,116597.377
2025-01-20 08:00:00,107178.8,109300.8,107140.0,108267.5,43506.419
2025-01-20 12:00:00,108267.6,108756.6,104500.0,105008.7,85667.609
2025-01-20 16:00:00,105001.3,107082.8,100138.2,103674.2,174874.235
2025-01-20 20:00:00,103674.3,104313.2,101714.4,102247.6,30982.193
2025-01-21 00:00:00,102247.7,103279.9,100097.2,102922.7,54348.06
2025-01-21 04:00:00,102922.7,102972.5,101102.8,101980.7,27001.2
2025-01-21 08:00:00,101980.7,103956.2,101719.4,103725.0,28413.984
2025-01-21 12:00:00,103725.0,105292.3,102800.0,103929.1,64361.253
2025-01-21 16:00:00,103929.1,107241.6,103781.5,106989.9,68892.901
2025-01-21 20:00:00,106989.9,107180.0,105400.2,106114.5,30279.43
2025-01-22 00:00:00,106115.4,106390.0,105431.9,105588.2,16342.423
2025-01-22 04:00:00,105588.1,105948.6,105037.2,105063.8,16263.508
2025-01-22 08:00:00,105063.8,105449.9,104610.0,105083.9,19448.044
2025-01-22 12:00:00,105083.9,105557.2,103612.0,104138.0,47832.318
2025-01-22 16:00:00,104138.1,104721.8,103211.6,104600.0,32231.051
2025-01-22 20:00:00,104600.0,104804.5,103556.7,103664.9,19126.184
2025-01-23 00:00:00,103664.9,103777.4,102082.0,102417.0,30890.534
2025-01-23 04:00:00,102417.1,102955.0,101550.4,102668.4,24694.165
2025-01-23 08:00:00,102668.3,102668.4,101211.0,101909.2,21357.796
2025-01-23 12:00:00,101909.2,106000.0,101279.8,105235.2,136243.99
2025-01-23 16:00:00,105235.2,106840.2,103342.0,103713.7,83709.753
2025-01-23 20:00:00,103713.7,106387.4,102161.9,103864.1,121257.781
2025-01-24 00:00:00,103864.0,104289.9,102680.0,103842.6,24734.677
2025-01-24 04:00:00,103842.6,105331.2,103745.5,104999.9,21476.673
2025-01-24 08:00:00,104999.9,105732.1,104875.7,105374.0,18221.84
2025-01-24 12:00:00,105374.1,106307.6,104623.0,105821.8,36536.511
2025-01-24 16:00:00,105821.3,107076.5,105533.0,105726.7,39006.248
2025-01-24 20:00:00,105726.7,105733.4,104400.0,104808.1,25771.001
2025-01-25 00:00:00,104808.0,105234.5,104310.0,105153.9,14022.122
2025-01-25 04:00:00,105153.9,105153.9,104128.2,104349.3,10568.419
2025-01-25 08:00:00,104349.4,104650.5,104040.6,104626.8,10038.856
2025-01-25 12:00:00,104626.9,105066.0,104400.1,104852.1,10788.444
2025-01-25 16:00:00,104852.1,105274.7,104410.8,105005.6,13101.27
2025-01-25 20:00:00,105005.7,105234.3,104643.3,104702.0,7111.052
2025-01-26 00:00:00,104702.0,105263.3,104461.6,105036.5,8524.479
2025-01-26 04:00:00,105036.6,105496.9,104905.3,104963.7,6808.86
2025-01-26 08:00:00,104963.7,105208.8,104358.3,104775.6,13300.655
2025-01-26 12:00:00,104775.6,105043.4,104648.8,104919.9,6971.965
2025-01-26 16:00:00,104920.0,105237.0,104850.1,105050.1,6836.178
2025-01-26 20:00:00,105050.1,105175.0,102450.3,102560.1,33344.95
2025-01-27 00:00:00,102560.0,103216.5,100632.5,101349.2,52340.587
2025-01-27 04:00:00,101349.1,101349.3,97680.0,98996.3,72374.471
2025-01-27 08:00:00,98996.3,99495.0,98200.0,98700.0,35594.681
2025-01-27 12:00:00,98700.1,102267.8,98666.0,101070.8,80059.767
2025-01-27 16:00:00,101070.8,101207.1,98820.6,99660.4,47155.292
2025-01-27 20:00:00,99660.3,102423.3,99548.9,102021.3,38165.076
2025-01-28 00:00:00,102021.3,102846.1,101263.0,102582.7,25966.028
2025-01-28 04:00:00,102582.7,103325.3,102473.3,102753.8,20947.894
2025-01-28 08:00:00,102754.3,103151.0,102352.3,102717.9,14152.903
2025-01-28 12:00:00,102717.9,103797.0,101770.5,102730.6,41814.816
2025-01-28 16:00:00,102730.6,103089.9,101778.0,102368.7,35294.657
2025-01-28 20:00:00,102368.7,102495.0,100235.0,101279.6,31740.963
2025-01-29 00:00:00,101279.7,102300.0,101269.7,101994.0,14925.038
2025-01-29 04:00:00,101994.1,102800.6,101908.5,102723.2,12728.903
2025-01-29 08:00:00,102723.2,103012.6,102153.8,102594.7,14137.703
2025-01-29 12:00:00,102594.7,102783.7,101526.8,101934.2,28727.356
2025-01-29 16:00:00,101934.2,103997.0,101365.0,103550.5,58082.504
2025-01-29 20:00:00,103550.6,104755.0,102791.0,103698.2,41388.448
2025-01-30 00:00:00,103698.1,105287.9,103224.5,105155.7,23135.964
2025-01-30 04:00:00,105155.6,105564.5,104762.9,105085.1,21889.357
2025-01-30 08:00:00,105085.2,105514.2,104879.3,105251.9,12288.148
2025-01-30 12:00:00,105251.9,106450.0,104607.2,105519.4,41745.937
2025-01-30 16:00:00,105519.4,105960.0,104704.1,105659.8,21888.068
2025-01-30 20:00:00,105659.9,105767.1,104628.3,104676.9,16019.926
2025-01-31 00:00:00,104676.9,104982.2,103880.0,104286.7,19595.66
2025-01-31 04:00:00,104286.6,104776.4,103926.4,104160.1,15289.239
2025-01-31 08:00:00,104160.0,104821.8,103888.6,104691.9,14789.404
2025-01-31 12:00:00,104692.0,106000.0,104050.0,105407.0,36319.944
2025-01-31 16:00:00,105406.9,105537.0,102100.0,102275.8,54110.43
2025-01-31 20:00:00,102275.7,102443.9,101509.0,102379.7,32133.14
2025-02-01 00:00:00,102379.8,102734.9,102131.0,102203.9,11261.398
2025-02-01 04:00:00,102203.8,102543.0,102058.8,102127.0,7685.936
2025-02-01 08:00:00,102127.0,102242.3,101344.0,101980.1,17719.955
2025-02-01 12:00:00,101980.0,102297.0,101680.0,102031.5,13065.456
2025-02-01 16:00:00,102031.6,102250.0,101392.9,101620.1,12351.277
2025-02-01 20:00:00,101620.1,101620.1,100215.0,100603.6,28779.069
2025-02-02 00:00:00,100603.6,101426.0,99111.0,99160.8,32062.059
2025-02-02 04:00:00,99160.8,100470.1,98989.0,99586.2,24488.446
2025-02-02 08:00:00,99586.2,100071.0,98550.0,98811.6,25456.429
2025-02-02 12:00:00,98811.5,99384.5,98100.0,99298.6,33912.653
2025-02-02 16:00:00,99298.6,99319.0,96750.1,98232.0,67223.464
2025-02-02 20:00:00,98232.0,98594.9,96029.6,97664.5,49791.642
2025-02-03 00:00:00,97664.5,97748.0,91130.3,94001.6,168653.996
2025-02-03 04:00:00,94001.6,95373.1,92595.7,95271.1,40481.456
2025-02-03 08:00:00,95271.1,95891.9,94716.5,95070.8,36094.712
2025-02-03 12:00:00,95070.9,99501.4,94111.0,98802.7,91828.338
2025-02-03 16:00:00,98802.8,101832.0,97993.3,101831.9,73898.605
2025-02-03 20:00:00,101831.9,102456.0,100861.0,101293.7,44130.927
2025-02-04 00:00:00,101293.6,101729.3,100500.1,100597.1,21676.343
2025-02-04 04:00:00,100597.2,100736.3,98183.0,98405.1,52017.001
2025-02-04 08:00:00,98405.1,99387.0,97792.8,98924.0,29726.53
2025-02-04 12:00:00,98924.1,100371.0,98215.7,99310.6,55172.933
2025-02-04 16:00:00,99310.5,100743.6,98724.1,98811.8,38784.927
2025-02-04 20:00:00,98812.0,99400.0,96100.0,97709.9,65368.469
2025-02-05 00:00:00,97710.0,98914.4,97069.0,97989.5,26689.012
2025-02-05 04:00:00,97989.5,98300.0,97320.0,97814.9,17884.945
2025-02-05 08:00:00,97814.9,98178.0,97206.0,98161.7,15468.776
2025-02-05 12:00:00,98161.7,99124.2,97709.9,98063.3,34048.979
2025-02-05 16:00:00,98063.3,98262.3,96442.1,97327.1,33419.487
2025-02-05 20:00:00,97327.2,97662.6,96106.1,96553.2,23868.467
2025-02-06 00:00:00,96553.2,97460.0,96373.4,97305.6,14758.431
2025-02-06 04:00:00,97305.6,98390.5,97215.2,98164.9,15525.03
2025-02-06 08:00:00,98164.9,99093.0,97880.0,98826.3,24612.47
2025-02-06 12:00:00,98826.3,99019.9,96866.9,97285.6,42424.16
2025-02-06 16:00:00,97285.7,97500.0,95613.5,95946.1,43232.83
2025-02-06 20:00:00,95946.0,97041.4,95736.0,96515.1,20968.092
2025-02-07 00:00:00,96515.0,97805.8,96358.3,97410.2,16612.27
2025-02-07 04:00:00,97410.2,97835.0,96536.5,96705.1,17746.436
2025-02-07 08:00:00,96705.0,97722.3,96566.3,97703.8,14669.521
2025-02-07 12:00:00,97703.8,100112.4,97150.0,98257.1,98527.475
2025-02-07 16:00:00,98257.1,98535.5,96817.0,96840.1,45070.845
2025-02-07 20:00:00,96840.0,96885.6,95555.0,96454.5,30747.082
2025-02-08 00:00:00,96454.5,96850.0,96288.0,96660.0,12426.456
2025-02-08 04:00:00,96660.0,96660.1,95714.4,96153.4,13155.164
2025-02-08 08:00:00,96153.4,96248.3,95805.0,96074.1,9887.085
2025-02-08 12:00:00,96074.0,96466.0,95600.0,95798.0,14840.001
2025-02-08 16:00:00,95798.0,96725.2,95685.6,96550.0,13291.749
2025-02-08 20:00:00,96550.0,96673.5,96311.6,96411.9,5449.977
2025-02-09 00:00:00,96412.0,97284.1,96306.5,97278.4,12620.838
2025-02-09 04:00:00,97278.3,97301.7,96738.3,97020.0,7892.281
2025-02-09 08:00:00,97020.0,97279.3,96498.5,96511.2,13729.086
2025-02-09 12:00:00,96511.2,96663.6,95633.6,96438.0,21436.138
2025-02-09 16:00:00,96438.0,96541.6,95828.0,96011.4,10274.1
2025-02-09 20:00:00,96011.4,96750.0,94650.1,96423.6,35224.843
2025-02-10 00:00:00,96423.6,97091.8,95200.1,96770.0,32348.746
2025-02-10 04:00:00,96770.0,97634.0,96591.8,97386.3,23605.802
2025-02-10 08:00:00,97386.3,97930.0,97305.5,97627.2,18947.956
2025-02-10 12:00:00,97627.3,98328.0,96806.6,97187.7,35096.177
2025-02-10 16:00:00,97187.7,97611.0,96828.4,97343.6,16027.97
2025-02-10 20:00:00,97343.6,97455.5,97090.3,97379.2,6905.894
2025-02-11 00:00:00,97379.2,98108.5,97352.2,97565.5,15100.134
2025-02-11 04:00:00,97565.4,98482.2,97514.6,98231.1,16552.116
2025-02-11 08:00:00,98231.2,98306.9,97834.3,98100.0,10582.887
2025-02-11 12:00:00,98100.1,98112.2,96529.3,96963.3,40145.936
2025-02-11 16:00:00,96963.2,97002.0,94814.3,94988.0,43455.599
2025-02-11 20:00:00,94988.0,96468.5,94871.2,95731.4,28996.232
2025-02-12 00:00:00,95731.4,96230.0,95050.0,95251.4,15872.659
2025-02-12 04:00:00,95251.4,96130.1,95213.2,96025.8,12022.343
2025-02-12 08:00:00,96025.1,96437.5,95860.5,96062.4,15330.015
2025-02-12 12:00:00,96062.4,96596.3,94003.9,95762.1,81170.853
2025-02-12 16:00:00,95762.0,97700.0,95074.0,97156.6,52129.395
2025-02-12 20:00:00,97156.7,98090.9,96811.2,97816.3,25922.814
2025-02-13 00:00:00,97816.3,98053.8,97309.1,97463.4,12528.34
2025-02-13 04:00:00,97463.4,97519.3,95706.8,96018.5,29528.25
2025-02-13 08:00:00,96018.5,96288.9,95500.0,95883.6,20319.939
2025-02-13 12:00:00,95883.6,96432.4,95288.5,95943.5,37774.418
2025-02-13 16:00:00,95943.2,96325.0,95160.1,95587.8,26297.007
2025-02-13 20:00:00,95587.9,96756.8,95544.9,96560.6,15792.572
2025-02-14 00:00:00,96560.6,97163.0,96309.5,97094.9,13958.196
2025-02-14 04:00:00,97094.9,97212.0,96505.0,96889.9,12651.199
2025-02-14 08:00:00,96889.9,97150.0,96743.4,96844.6,9939.549
2025-02-14 12:00:00,96844.6,97561.1,96225.7,96886.5,34393.742
2025-02-14 16:00:00,96886.5,98792.8,96444.6,97898.3,51033.979
2025-02-14 20:00:00,97898.4,98229.1,96636.7,97445.1,22476.292
2025-02-15 00:00:00,97445.2,97941.2,97170.0,97619.4,10051.551
2025-02-15 04:00:00,97619.4,97750.0,97306.3,97312.4,5995.987
2025-02-15 08:00:00,97312.4,97692.3,97255.2,97569.4,6186.788
2025-02-15 12:00:00,97569.5,97899.8,97377.0,97594.5,11164.25
2025-02-15 16:00:00,97594.5,97682.4,97274.5,97496.9,7776.703
2025-02-15 20:00:00,97497.0,97698.4,97370.0,97538.0,6243.314
2025-02-16 00:00:00,97538.0,97665.8,97373.1,97504.9,5666.471
2025-02-16 04:00:00,97504.8,97638.8,97137.0,97207.4,5859.374
2025-02-16 08:00:00,97207.4,97355.0,97011.0,97293.1,7282.127
2025-02-16 12:00:00,97293.1,97295.7,96629.5,96849.9,13685.034
2025-02-16 16:00:00,96850.0,97134.0,96572.5,97021.5,9001.586
2025-02-16 20:00:00,97021.4,97247.6,96002.0,96067.0,15190.281
2025-02-17 00:00:00,96067.0,96605.7,96000.0,96171.5,11350.76
2025-02-17 04:00:00,96171.4,96421.9,95739.6,96023.8,13627.4
2025-02-17 08:00:00,96023.8,96347.0,95897.1,96018.2,12992.848
2025-02-17 12:00:00,96018.3,97000.0,95491.7,95605.5,29886.124
2025-02-17 16:00:00,95605.5,95900.0,95150.6,95490.8,24809.586
2025-02-17 20:00:00,95490.7,96386.9,95452.8,95743.2,12910.268
2025-02-18 00:00:00,95743.1,96296.5,95508.8,96163.1,12045.894
2025-02-18 04:00:00,96163.1,96267.7,95199.9,95409.9,18722.38
2025-02-18 08:00:00,95409.9,95849.0,95000.0,95606.1,15643.511
2025-02-18 12:00:00,95606.0,96737.3,95115.1,95501.6,39510.683
2025-02-18 16:00:00,95501.6,95595.0,93321.6,94062.1,59876.925
2025-02-18 20:00:00,94062.2,95645.3,93696.4,95622.0,33373.969
2025-02-19 00:00:00,95622.0,95929.0,95020.0,95672.1,17813.797
2025-02-19 04:00:00,95672.2,95816.2,95012.5,95640.4,16957.175
2025-02-19 08:00:00,95640.5,96443.9,95571.2,96392.0,20145.348
2025-02-19 12:00:00,96392.0,96676.0,95494.4,95895.4,32576.279
2025-02-19 16:00:00,95895.4,96447.0,95362.8,96159.9,22433.716
2025-02-19 20:00:00,96159.8,96878.7,96011.6,96598.0,15070.558
2025-02-20 00:00:00,96597.9,97339.8,96366.0,97017.4,16242.992
2025-02-20 04:00:00,97017.4,97310.4,96743.8,96825.8,10876.646
2025-02-20 08:00:00,96825.7,97350.0,96757.2,97164.6,9215.261
2025-02-20 12:00:00,97164.6,98000.0,96756.1,96870.5,40545.385
2025-02-20 16:00:00,96871.1,98480.0,96838.1,98370.0,34903.809
2025-02-20 20:00:00,98369.9,98662.1,97952.8,98252.9,17396.079
2025-02-21 00:00:00,98252.8,98450.0,98030.3,98106.1,9636.148
2025-02-21 04:00:00,98106.0,98555.0,98072.4,98130.0,9837.915
2025-02-21 08:00:00,98129.9,98888.0,98057.5,98579.7,21699.494
2025-02-21 12:00:00,98579.7,99431.5,97143.0,98057.6,85401.79
2025-02-21 16:00:00,98057.6,98720.0,95201.2,95247.5,85986.94
2025-02-21 20:00:00,95247.4,96150.0,94830.4,96127.9,38055.986
2025-02-22 00:00:00,96128.0,96399.9,95701.9,96249.9,12887.85
2025-02-22 04:00:00,96250.0,96542.7,96219.9,96241.7,8085.678
2025-02-22 08:00:00,96241.7,96571.2,96107.0,96526.4,11109.977
2025-02-22 12:00:00,96526.5,96988.0,96444.2,96552.4,18121.719
2025-02-22 16:00:00,96552.3,96794.6,96333.8,96596.6,10553.783
2025-02-22 20:00:00,96596.5,96659.5,96432.6,96503.3,5033.143
2025-02-23 00:00:00,96503.3,96602.9,96309.6,96373.7,5921.475
2025-02-23 04:00:00,96373.7,96504.1,96102.2,96454.6,10823.841
2025-02-23 08:00:00,96454.6,96459.4,96030.0,96064.3,7616.299
2025-02-23 12:00:00,96064.2,96118.1,95326.8,95391.5,21371.74
2025-02-23 16:00:00,95391.5,95823.5,95180.2,95706.5,11934.582
2025-02-23 20:00:00,95706.5,96290.0,95476.5,96218.4,11630.754
2025-02-24 00:00:00,96218.4,96470.0,95263.0,95388.1,17763.849
2025-02-24 04:00:00,95388.0,95918.4,95018.0,95834.2,17643.499
2025-02-24 08:00:00,95834.2,96147.5,95282.4,95774.8,19209.488
2025-02-24 12:00:00,95774.9,96055.1,93800.0,94295.9,60104.206
2025-02-24 16:00:00,94295.9,95182.3,93612.9,93916.1,39593.268
2025-02-24 20:00:00,93917.4,94551.1,91300.0,91514.5,63174.44
2025-02-25 00:00:00,91514.5,92500.0,90850.0,92125.3,49736.339
2025-02-25 04:00:00,92125.3,92287.0,88131.6,89262.9,92098.853
2025-02-25 08:00:00,89262.8,89952.0,86800.0,89186.8,100778.92
2025-02-25 12:00:00,89186.9,89499.9,86020.4,87206.9,108732.091
2025-02-25 16:00:00,87206.8,88048.9,86125.9,87914.3,72441.612
2025-02-25 20:00:00,87914.2,89442.7,87578.1,88639.1,48508.687
2025-02-26 00:00:00,88639.1,89367.1,88101.9,88851.8,21365.208
2025-02-26 04:00:00,88851.8,89214.8,88366.0,88682.3,16621.135
2025-02-26 08:00:00,88682.3,89285.7,88092.0,88570.0,27628.135
2025-02-26 12:00:00,88570.1,88641.0,85377.2,87536.4,113336.525
2025-02-26 16:00:00,87536.5,87784.7,83265.5,83832.0,137446.696
2025-02-26 20:00:00,83832.0,85382.0,82222.0,84208.5,84744.122
2025-02-27 00:00:00,84208.6,85397.1,84000.0,85174.0,31978.449
2025-02-27 04:00:00,85174.0,86687.5,84640.1,86227.9,33054.482
2025-02-27 08:00:00,86228.0,87066.0,85827.1,86655.3,36174.377
2025-02-27 12:00:00,86655.4,86756.1,84609.0,85473.0,71815.48
2025-02-27 16:00:00,85472.9,85664.8,83567.4,84084.0,44193.184
2025-02-27 20:00:00,84084.0,84894.0,82667.0,84668.1,52192.558
2025-02-28 00:00:00,84668.2,84858.6,79500.0,80429.2,150178.095
2025-02-28 04:00:00,80429.2,80939.9,78787.0,79159.9,109818.611
2025-02-28 08:00:00,79159.9,80800.0,78200.2,80474.3,76070.275
2025-02-28 12:00:00,80474.4,84380.9,80030.0,83948.1,103925.229
2025-02-28 16:00:00,83948.1,85084.5,83153.3,84393.3,72721.105
2025-02-28 20:00:00,84393.3,84743.8,83555.0,84299.6,23629.916
2025-03-01 00:00:00,84299.6,85638.0,83779.0,85279.3,31502.988
2025-03-01 04:00:00,85279.1,86516.5,84698.8,84707.3,39241.067
2025-03-01 08:00:00,84707.2,85452.4,84343.0,84593.6,26089.157
2025-03-01 12:00:00,84593.6,84908.5,84285.0,84755.1,17714.663
2025-03-01 16:00:00,84755.0,85613.4,84652.0,85431.2,16936.818
2025-03-01 20:00:00,85431.1,86219.7,85239.6,86007.7,15511.978
2025-03-02 00:00:00,86007.7,86449.9,85571.8,85811.9,18529.902
2025-03-02 04:00:00,85812.0,86515.0,85490.0,86191.4,13859.725
2025-03-02 08:00:00,86191.4,86219.5,85605.0,86047.0,16697.034
2025-03-02 12:00:00,86047.1,88644.0,85015.0,87390.1,74595.642
2025-03-02 16:00:00,87390.1,94971.0,87236.0,93467.3,192872.48
2025-03-02 20:00:00,93467.2,94800.0,93444.9,94222.8,48156.755
2025-03-03 00:00:00,94222.0,94373.4,92380.1,92660.0,37429.12
2025-03-03 04:00:00,92660.0,93304.9,91150.0,92318.0,40159.56
2025-03-03 08:00:00,92318.0,92888.0,91100.0,92700.0,37107.704
2025-03-03 12:00:00,92700.0,93666.0,89100.0,90009.5,115283.973
2025-03-03 16:00:00,90009.5,90959.1,85495.5,85552.0,122196.084
2025-03-03 20:00:00,85552.0,86999.9,85029.0,86192.7,83855.961
2025-03-04 00:00:00,86193.3,86773.5,82420.0,83929.0,106129.625
2025-03-04 04:00:00,83928.9,84566.0,83100.3,83159.4,32146.523
2025-03-04 08:00:00,83159.4,84359.5,83000.1,83890.1,26599.17
2025-03-04 12:00:00,83890.1,84934.9,81200.0,82945.0,118850.856
2025-03-04 16:00:00,82945.0,88488.0,81911.1,88165.3,91455.087
2025-03-04 20:00:00,88165.3,88931.0,86544.0,87245.9,57253.537
2025-03-05 00:00:00,87245.9,87850.0,86328.0,86813.6,31773.108
2025-03-05 04:00:00,86813.7,87688.0,86694.0,87573.9,15899.215
2025-03-05 08:00:00,87573.9,90625.0,87549.0,89777.6,50928.602
2025-03-05 12:00:00,89777.6,90897.1,87890.0,88312.6,93893.227
2025-03-05 16:00:00,88312.5,90444.0,87558.0,89711.2,63517.478
2025-03-05 20:00:00,89711.2,91000.0,89626.3,90566.1,22989.46
2025-03-06 00:00:00,90566.1,91988.0,89955.0,91613.3,35476.167
